gene_symbol,log2fc,p_value,direction
PIGR,-8.517981007,1.61E-18,down
ADIPOQ,-8.166418028,1.45E-21,down
COL11A1,7.67467335,4.99E-20,up
FABP4,-7.437139455,1.34E-12,down
COL10A1,7.336462965,4.23E-20,up
,7.090142846,1.74E-32,up
TNXA,-7.041107098,3.15E-37,down
SCARA5,-7.026594727,5.74E-55,down
RBP4,-7.010632678,3.27E-33,down
LEP,-6.940760063,1.18E-39,down
CXCL10,6.705633308,1.69E-14,up
C2orf40,-6.696852916,1.06E-19,down
ACACB,-6.687497909,3.07E-21,down
VCAN,6.671955154,8.34E-26,up
ADH1B,-6.656937524,3.22E-13,down
RRM2,6.635469713,5.63E-18,up
PLIN1,-6.415502888,2.51E-23,down
TOP2A,6.406257245,2.28E-19,up
S100P,6.402723287,6.99E-10,up
CD36,-6.398264594,1.23E-14,down
TPD52,6.395126322,3.09E-36,up
SH3GL3,-6.357342538,2.35E-94,down
CHRDL1,-6.250222056,5.30E-18,down
KIAA0101,6.212213734,3.67E-28,up
PLIN4,-6.123338643,1.15E-31,down
FRG1B,-6.101876161,1.60E-75,down
HSP90AB1,6.092364629,4.78E-31,up
COL12A1,5.978775559,2.52E-21,up
ARF1,5.978062881,6.57E-39,up
,-5.940995238,1.58E-14,down
KRT14,-5.917344448,1.01E-07,down
SCGB3A1,-5.896323636,3.01E-13,down
INHBA,5.88272479,2.66E-27,up
OXTR,-5.882431979,1.36E-21,down
ABCA8,-5.877915112,1.08E-14,down
SFRP1,-5.834160545,1.21E-08,down
DST,-5.833889888,5.29E-12,down
,-5.821781112,3.87E-67,down
MMP11,5.806957804,2.17E-19,up
CFD,-5.798358063,1.48E-23,down
SMC4,5.77169235,4.04E-31,up
GPD1,-5.752715238,2.51E-46,down
ENO1,5.728963175,1.07E-25,up
CD300LG,-5.725604406,4.56E-50,down
P4HB,5.719974587,1.02E-35,up
LPL,-5.718898601,3.57E-17,down
ANP32E,5.718563077,2.56E-14,up
FUS,5.687417657,3.71E-28,up
ESRP1,5.684962538,9.54E-32,up
EIF5A,5.680066909,6.99E-16,up
,-5.62076235,1.25E-71,down
ATAD2,5.613977329,1.30E-23,up
MALAT1,5.587178678,6.44E-22,up
,5.584607832,1.44E-16,up
CXCL9,5.566219762,1.08E-08,up
NTRK2,-5.556547601,3.24E-14,down
,-5.538534329,7.11E-21,down
EZR,5.533579741,4.84E-39,up
BTNL9,-5.510617014,8.89E-30,down
PRC1,5.503169839,8.07E-17,up
ALYREF,5.50022449,2.50E-30,up
GALNT16,-5.497328951,1.98E-16,down
CIDEC,-5.478579063,1.51E-37,down
IRX1,-5.467121804,1.46E-11,down
,5.463921762,1.04E-20,up
MYBPC1,-5.450080322,3.59E-10,down
MIR612,5.428948399,8.97E-12,up
SULF1,5.426142413,1.10E-24,up
NUSAP1,5.421818091,1.20E-21,up
ITIH5,-5.408323021,5.91E-29,down
,-5.397957608,1.03E-50,down
UBE2T,5.397548133,1.55E-19,up
TIMP4,-5.37316779,1.67E-34,down
VMP1,5.360110769,4.73E-20,up
CLEC3B,-5.346492524,4.20E-24,down
YWHAZ,5.33935672,2.25E-30,up
LOC441666,-5.331219517,1.26E-56,down
UBE2C,5.330283594,8.34E-17,up
COL6A6,-5.314630643,1.93E-26,down
WIF1,-5.305433091,8.76E-14,down
GJB2,5.286136371,3.71E-15,up
KLHL13,-5.28546458,2.62E-16,down
PTPLAD1,5.278260091,2.71E-33,up
,-5.247070685,5.26E-39,down
SAA1,-5.221310657,3.55E-16,down
CXCR4,5.216587951,1.18E-18,up
TMED2,5.192574161,7.68E-29,up
LAPTM4B,5.178946056,4.39E-19,up
HOXA5,-5.174527755,5.95E-19,down
FIGF,-5.17055042,8.88E-48,down
PNP,5.138781329,1.93E-25,up
CDC20,5.101197189,2.65E-11,up
,-5.096936203,8.94E-16,down
ZNF595,-5.096482497,1.87E-14,down
ASPM,5.091911294,4.72E-12,up
HIST1H2BG,5.09129172,7.79E-13,up
CDK1,5.071180084,5.37E-16,up
UBXN4,5.060991552,2.18E-30,up
STIP1,5.03877272,4.86E-21,up
CCNB1,5.033374273,4.01E-20,up
SRSF1,5.023689343,1.13E-31,up
CENPF,5.016913147,2.22E-16,up
ATP1A2,-5.010361406,1.37E-40,down
TPX2,4.987596832,1.76E-11,up
TMEM165,4.976506615,6.17E-29,up
ATP6V1A,4.963376517,3.91E-30,up
ANKRD20A1,-4.961052664,2.50E-65,down
GPRC5A,4.95580635,1.35E-10,up
TF,-4.942807573,2.07E-14,down
S100B,-4.931580392,1.26E-15,down
ZWINT,4.929553755,5.83E-24,up
COMP,4.908416056,2.38E-08,up
RBP7,-4.90187935,9.72E-12,down
SDPR,-4.898677483,1.08E-30,down
,-4.892450077,4.94E-27,down
PLAC9,-4.88795793,5.61E-33,down
TGFBR3,-4.885671874,4.64E-10,down
SLC52A2,4.882089028,6.06E-21,up
PLAU,4.881921622,4.64E-20,up
ADAMTS5,-4.845296028,3.05E-16,down
MUCL1,-4.829998164,0.000711221,down
TUSC5,-4.808067559,9.64E-48,down
,-4.792970266,1.77E-21,down
KRT15,-4.788260021,6.88E-09,down
SCN4B,-4.78693186,1.30E-44,down
SEC61A1,4.783343357,1.42E-25,up
G0S2,-4.775966483,5.16E-16,down
H2BFS,4.773542084,9.13E-22,up
PPP1R14A,-4.755611895,1.77E-25,down
CCL14,-4.745652406,2.33E-16,down
CD46,4.744424839,1.71E-27,up
MYH11,-4.739467923,4.35E-17,down
THRSP,-4.729472315,5.39E-09,down
BIRC5,4.720520797,1.40E-09,up
,4.719118545,3.68E-26,up
MAOA,-4.717806503,3.35E-15,down
PLEKHF2,4.717595657,3.51E-22,up
SEMA3G,-4.712947098,2.28E-26,down
CENPU,4.707056,8.26E-24,up
C1orf43,4.706399084,5.25E-30,up
PTN,-4.697114434,7.53E-11,down
POSTN,4.693661448,1.09E-17,up
CKS2,4.691675469,4.39E-23,up
CCL28,-4.685165545,1.18E-13,down
GYG2,-4.683582727,1.05E-20,down
RELN,-4.678146399,1.79E-32,down
PRPF4B,4.672429853,1.78E-26,up
SYNM,-4.671516797,7.31E-10,down
AKR1C1,-4.667193175,5.11E-13,down
CALU,4.667048678,3.33E-31,up
CDKN3,4.661963224,1.45E-12,up
FAM189A2,-4.635292517,5.65E-20,down
UBE2N,4.630429636,1.73E-40,up
SPP1,4.624422035,9.77E-15,up
SCGB1D2,-4.621521804,0.000341732,down
AKR1C2,-4.620509741,9.78E-12,down
GDE1,4.620146902,6.58E-33,up
ASPN,4.617536545,3.47E-07,up
CCNB2,4.613036671,7.06E-14,up
LOC100506558,-4.610368322,3.14E-12,down
SQLE,4.582284119,1.44E-24,up
FCGR3A,4.574271965,2.29E-11,up
AOC3,-4.564561392,6.04E-19,down
TRAM1,4.56011651,4.32E-34,up
LRRN4CL,-4.552813573,1.87E-30,down
PLAUR,4.550870154,6.65E-25,up
ACKR1,-4.545553699,1.51E-10,down
WISP1,4.541564322,2.04E-12,up
MAD2L1,4.536553734,7.51E-16,up
ATG5,4.535684895,9.90E-22,up
KIF2C,4.535472049,8.95E-11,up
PTP4A1,4.532684483,3.93E-22,up
UBE2S,4.531732014,9.18E-21,up
ZBTB16,-4.528930028,4.13E-17,down
FXYD1,-4.524017902,4.90E-41,down
CA4,-4.521878119,4.55E-52,down
GPIHBP1,-4.518850028,5.80E-58,down
BHLHE40,4.51774207,2.09E-15,up
IGF1,-4.514647098,1.98E-08,down
,-4.495191448,3.62E-28,down
C1S,4.493307462,5.76E-11,up
IGHM,4.481242657,1.90E-06,up
APOD,-4.477662434,3.58E-06,down
2-Sep,4.477306175,1.44E-31,up
GDI2,4.47458158,6.64E-29,up
,-4.47235658,3.07E-15,down
ECT2,4.472290804,3.79E-25,up
PDK4,-4.465359832,1.38E-11,down
CCT2,4.465070797,6.29E-29,up
RANBP9,4.458448811,3.27E-33,up
MELK,4.455504147,5.35E-14,up
GALNT7,4.45536214,4.00E-15,up
LAMP1,4.452758387,3.44E-21,up
PPIF,4.450424049,1.18E-25,up
ACVR1C,-4.446759811,9.95E-29,down
PRPF4,4.441245196,1.87E-38,up
CTHRC1,4.437212741,9.57E-28,up
EZH2,4.435274014,2.52E-18,up
PSENEN,4.434879119,1.48E-36,up
MIR21,4.434251329,1.05E-25,up
PPP1R1A,-4.430052664,4.13E-13,down
RHOA,4.427823168,5.73E-26,up
MS4A7,4.422240692,1.40E-14,up
MSH6,4.420970545,8.04E-23,up
S100A8,4.419414098,0.00148069,up
FMO2,-4.417702664,1.70E-10,down
SORBS1,-4.405735566,1.16E-13,down
SDHC,4.400946035,5.15E-30,up
SOX10,-4.399110622,1.67E-07,down
MMP1,4.39627428,4.70E-05,up
CD24,4.382587091,1.01E-15,up
DAZAP2,4.375177434,1.11E-29,up
CDH11,4.366133608,5.67E-16,up
PGK1,4.36600851,1.34E-29,up
WAC,4.362795825,3.50E-26,up
LOC100190986,4.360544923,5.42E-19,up
PRR11,4.348196427,2.49E-10,up
ACLY,4.344235231,2.18E-35,up
FNDC1,4.336509888,2.43E-15,up
NPR1,-4.332004839,1.78E-38,down
PIP,-4.331788531,0.001574739,down
HBA1,-4.323446021,1.42E-10,down
DTL,4.314644713,4.09E-15,up
IL13RA1,4.313241867,1.70E-15,up
MIR6787,4.311839832,3.75E-16,up
MRPL42,4.308715944,1.63E-33,up
ANLN,4.307077881,7.55E-11,up
FAM83D,4.303482769,1.09E-08,up
DSG2,4.294306154,1.65E-17,up
SCD5,-4.292080476,8.68E-57,down
LMOD1,-4.282877811,6.38E-20,down
CLDN3,4.281697119,2.26E-11,up
M6PR,4.273575126,3.21E-34,up
GABRP,-4.271221175,0.000989888,down
GMFB,4.268449,2.52E-36,up
PIP4K2A,4.266496308,2.89E-19,up
COPG2IT1,-4.263988881,1.20E-39,down
LARP4B,4.261475329,7.33E-30,up
TMEM30A,4.256966133,3.15E-17,up
OGN,-4.255870888,1.58E-06,down
EBF1,-4.255775455,7.14E-18,down
ARFGEF1,4.253743965,2.62E-25,up
OAS1,4.242723552,7.03E-13,up
,4.240660524,4.12E-17,up
RAPGEF3,-4.239293587,2.39E-29,down
CLDN11,-4.235534867,4.51E-12,down
COL1A1,4.224900811,6.55E-16,up
PAMR1,-4.223505357,1.95E-24,down
KRT5,-4.218717943,7.06E-06,down
ARPC4,4.217248,4.57E-29,up
CENPA,4.208710713,1.47E-09,up
CSNK2A1,4.208318203,6.00E-26,up
TSHZ2,-4.203367713,1.18E-18,down
FHL1,-4.200822322,8.54E-14,down
SCGB2A2,-4.200736804,0.005334299,down
IGH,4.200487657,3.34E-06,up
TTK,4.196453476,7.04E-08,up
INMT,-4.189397993,5.07E-32,down
PCOLCE2,-4.189183538,5.37E-09,down
PATL1,4.18002458,9.66E-20,up
CRYAB,-4.170276224,1.34E-08,down
TRIP13,4.160655273,3.07E-11,up
EIF4A2,4.159385371,5.60E-15,up
LRRC15,4.157601497,2.97E-09,up
ZNF146,4.157048133,5.60E-19,up
HBB,-4.146897762,1.96E-10,down
KDELR3,4.146267322,1.52E-19,up
PBK,4.143237497,8.28E-11,up
,4.139126643,8.89E-10,up
PI15,-4.134868804,1.38E-06,down
TP63,-4.128422189,1.29E-12,down
CCNG2,4.127700762,1.46E-11,up
AURKA,4.127079951,3.98E-13,up
IFI44L,4.126759077,5.53E-09,up
CEACAM6,4.125121033,0.001148955,up
RGS1,4.125116643,1.97E-13,up
MFAP2,4.116275014,3.22E-22,up
SLC39A6,4.115309231,4.78E-09,up
SETD5,4.111690336,3.37E-25,up
C16orf13,4.110939082,4.59E-17,up
ELF5,-4.107475909,5.41E-05,down
KDELR1,4.101367308,2.17E-31,up
CES1,-4.100517734,4.83E-12,down
CLDN8,-4.099460287,1.62E-08,down
GHR,-4.096214699,1.47E-09,down
UHMK1,4.091619175,8.98E-25,up
TK1,4.089222601,1.54E-14,up
SAE1,4.08377535,5.60E-32,up
TAGLN2,4.08340035,4.02E-25,up
TMEFF2,-4.078034035,4.36E-27,down
JAK1,4.074244664,1.48E-19,up
TMEM9B,4.074157133,1.31E-23,up
LINC00408,-4.071936301,4.74E-47,down
MIR205HG,-4.069879685,5.25E-16,down
UBE2M,4.059342434,1.40E-28,up
RAB1A,4.058094846,1.57E-33,up
SRGN,4.057385154,1.72E-14,up
RAB5A,4.050067245,3.04E-19,up
MAPRE1,4.043676105,2.42E-36,up
HIST2H2AA3,4.043671867,7.00E-19,up
HSPH1,4.041918476,2.88E-28,up
TMEM206,4.041600832,4.79E-20,up
APOBEC3B,4.040228839,7.97E-09,up
KIF11,4.039152783,1.46E-13,up
LSM4,4.025009231,2.89E-34,up
EPRS,4.024221832,1.40E-15,up
EDNRB,-4.020497147,5.84E-21,down
NREP,4.019127881,2.39E-17,up
,-4.012380657,3.02E-34,down
HLF,-4.00598821,2.71E-36,down
,4.00199772,2.02E-24,up
GSTM5,-4.00075821,2.88E-34,down
,3.997734224,5.42E-18,up
FPR3,3.994262378,5.09E-12,up
DLK1,-3.994172231,3.99E-05,down
TWF1,3.987628818,1.22E-21,up
DPT,-3.977841692,4.13E-16,down
VAMP3,3.973033846,5.72E-18,up
AKIRIN1,3.971473979,1.18E-16,up
TYMS,3.970428776,1.69E-10,up
ITGA7,-3.969023727,7.15E-32,down
CPEB4,3.954254098,1.27E-21,up
KPNA2,3.953533909,1.07E-23,up
CTSS,3.951111126,1.24E-14,up
YWHAE,3.949536888,3.55E-21,up
NOLC1,3.947798538,1.43E-27,up
GPR160,3.94698972,8.11E-08,up
TMTC1,-3.943193741,5.37E-09,down
SMC3,3.938559965,1.21E-17,up
TMEM100,-3.937405566,1.24E-18,down
BGN,3.934346091,3.11E-18,up
POLR3K,3.928984133,6.48E-35,up
ERP27,3.926857573,4.51E-06,up
AGO2,3.925707713,4.46E-22,up
,-3.919118056,7.43E-34,down
IGFBP6,-3.916256615,1.80E-23,down
COPS8,3.912525133,2.65E-29,up
SPAG5,3.910124161,1.15E-09,up
SAMD5,-3.900168832,7.94E-34,down
CFL1,3.894911538,1.42E-39,up
BUB1B,3.892726133,1.43E-12,up
GPAM,-3.891927769,3.66E-21,down
MATR3,3.882503175,1.44E-19,up
ADAMTS9-AS2,-3.880547503,3.89E-29,down
TRPS1,3.879096371,3.14E-15,up
LEPR,-3.872766469,4.33E-12,down
UHRF1,3.870156678,1.47E-15,up
GADD45B,3.865419559,2.92E-23,up
TRIM59,3.862358217,1.05E-26,up
RIT1,3.860758329,6.27E-29,up
CDKN1C,-3.859395448,1.54E-14,down
TMEM97,3.856963685,2.17E-10,up
UBE2H,3.852339972,1.67E-28,up
,-3.849791762,2.42E-07,down
NAA50,3.845818853,3.76E-24,up
TSN,3.842583413,1.66E-28,up
,3.841335427,2.56E-22,up
FCGR1A,3.834476007,3.18E-15,up
CSNK1A1,3.832451042,1.36E-29,up
TSEN15,3.831963783,1.53E-27,up
RSPO3,-3.828672133,1.89E-10,down
,3.827650965,5.89E-24,up
HMMR,3.823357287,3.90E-11,up
RBMS3,-3.822565559,5.03E-11,down
,-3.822501531,4.55E-38,down
NUF2,3.809388559,2.29E-09,up
PDLIM5,3.807619909,5.95E-16,up
HLA-DQA1,3.806977881,2.10E-11,up
MIR143HG,-3.804065881,6.84E-17,down
PVRL2,3.80286771,1.26E-12,up
CNN1,-3.802005119,4.98E-13,down
MYO6,3.796655839,4.96E-17,up
LOC100507311,-3.796533636,2.44E-39,down
ANK2,-3.794995524,1.04E-09,down
MME,-3.792017643,8.34E-19,down
FYTTD1,3.788529902,5.81E-26,up
SRPK2,3.785362462,1.60E-30,up
PRKDC,3.782990455,8.13E-23,up
TNFRSF12A,3.779191042,4.60E-22,up
CTSB,3.77784828,3.47E-23,up
YIPF5,3.777713671,3.92E-27,up
FCGBP,-3.772489951,6.26E-08,down
RPRD1A,3.772133091,1.45E-26,up
LOC100288911,-3.769203455,6.98E-23,down
PIK3C2A,3.767956531,7.89E-27,up
GOLGA7,3.762279413,2.54E-17,up
KIT,-3.761081979,4.02E-08,down
,-3.760750294,1.21E-46,down
PICALM,3.757429154,3.71E-14,up
FCGR1B,3.756661168,2.71E-12,up
MMP9,3.754918273,2.40E-08,up
HIST1H2BD,3.753894825,1.29E-12,up
CNN3,3.753580867,8.25E-19,up
ETNK1,3.750259888,1.30E-25,up
FAP,3.750131671,2.45E-12,up
ALOX5AP,3.748485329,6.35E-16,up
CXCL11,3.742162301,4.59E-05,up
ENSA,3.736407035,6.15E-28,up
TESC,-3.735014441,9.34E-46,down
AC092192.1,-3.733988434,5.96E-49,down
HIST1H2BH,3.720702154,5.21E-16,up
XRN2,3.720700944,2.21E-29,up
ZNF652,3.710786322,5.96E-08,up
,3.709291741,1.71E-13,up
MTFR1,3.708406441,3.56E-14,up
,3.706739147,1.64E-23,up
ARHGDIB,3.706053469,7.46E-19,up
RNF150,-3.705956231,1.22E-15,down
PIGC,3.70138172,2.77E-29,up
DDA1,3.698707636,8.93E-30,up
MICAL2,3.698181776,1.95E-18,up
ANKRD20A12P,-3.691595455,8.58E-30,down
KIF4A,3.689588056,4.91E-08,up
JAM2,-3.689245133,2.19E-12,down
TMEM245,3.686002126,7.68E-23,up
MAPK1,3.684915,8.99E-34,up
SLC7A5,3.682076357,1.71E-07,up
ARF4,3.681482867,4.09E-37,up
FKBP1A,3.679313007,1.24E-21,up
LRRC16A,3.677600594,5.42E-20,up
SP110,3.676655923,1.34E-20,up
TMEM230,3.674465287,4.85E-18,up
TMEM41B,3.672076888,6.94E-29,up
PGM5-AS1,-3.669002972,5.16E-39,down
FBN1,3.668837007,3.52E-10,up
LYPLA1,3.665701084,2.62E-28,up
CDC42SE1,3.664182343,1.04E-26,up
RRM1,3.662793273,1.87E-19,up
EML4,3.652139476,4.06E-13,up
IGHA1,3.651579657,1.36E-05,up
TTC3,3.650747867,1.12E-19,up
CTPS1,3.645626063,2.51E-14,up
AKR1C3,-3.64445435,6.84E-08,down
CDO1,-3.640569573,4.97E-13,down
TNS1,-3.635275322,2.24E-24,down
RP11-2E11.9,-3.634089042,6.19E-26,down
CCDC69,-3.631879545,6.54E-17,down
C14orf1,3.630661028,2.23E-19,up
HN1,3.629360343,4.26E-18,up
POGK,3.62727549,1.51E-26,up
FAM107A,-3.624635322,1.24E-14,down
SCARB2,3.62310579,1.07E-17,up
LYVE1,-3.622383559,4.63E-23,down
HSPD1,3.622202371,2.89E-23,up
HIST2H2BE,3.621468469,9.90E-12,up
KLHL29,-3.620205685,5.37E-13,down
ASCC1,3.619982748,9.13E-23,up
ACTR2,3.612541434,3.77E-34,up
COX7A1,-3.611852448,2.34E-16,down
FANCI,3.607450294,9.09E-14,up
RAD21,3.606773573,6.69E-19,up
SRSF10,3.604942231,1.61E-27,up
GCH1,3.602891853,2.01E-16,up
SPAG1,3.60080635,4.07E-17,up
,-3.598816462,2.21E-32,down
AKAP12,-3.595137587,1.51E-14,down
PSEN1,3.590374566,1.37E-21,up
FOXO3,3.588067497,1.47E-15,up
EIF2S3,3.585787007,4.10E-13,up
SOBP,-3.585744979,5.25E-14,down
MAMDC2,-3.585617825,9.56E-15,down
MEG3,-3.583813944,7.08E-17,down
DMD,-3.582366273,9.10E-09,down
MTPAP,3.580761503,8.59E-09,up
LYZ,3.578277566,7.53E-05,up
RAB22A,3.578186266,5.73E-32,up
HSPA8,3.575988042,1.52E-31,up
PTER,3.571423063,2.70E-19,up
ERMP1,3.569387692,3.45E-19,up
ATP6V1C1,3.569107028,1.34E-26,up
EPPK1,3.568476685,3.33E-10,up
SPTLC2,3.567834825,4.61E-18,up
GSPT1,3.565118741,1.53E-42,up
CYB5R3,3.564279063,1.16E-22,up
SRPX,-3.561131748,2.11E-10,down
SLC44A4,3.560860203,6.88E-05,up
SOD3,-3.558816937,3.70E-23,down
PPP1R11,3.558662951,2.60E-31,up
CEP55,3.558184958,1.08E-08,up
TRIM4,-3.554459476,5.77E-48,down
C12orf5,3.554285531,1.49E-20,up
KCTD5,3.553236685,2.01E-32,up
YWHAH,3.548147238,2.01E-33,up
CX3CL1,-3.546136965,4.72E-10,down
ZWILCH,3.535502091,3.68E-19,up
GPR146,-3.531124832,8.27E-42,down
ID4,-3.530043119,2.50E-06,down
GREM1,3.529816699,5.25E-07,up
ASAH1,3.529568657,5.07E-17,up
PPP1R2,3.528035846,1.87E-30,up
CDC5L,-3.527543783,9.95E-48,down
,3.525209329,6.06E-25,up
NDRG2,-3.518707189,4.17E-12,down
MIR4745,3.51469086,3.21E-30,up
MSI2,3.511221503,5.25E-11,up
WHSC1,3.510310287,2.32E-20,up
NET1,3.507893979,7.50E-27,up
,3.504046343,4.98E-23,up
S100A7,3.503208392,0.012451573,up
FKBP4,3.502673238,4.35E-20,up
SOAT1,3.501112545,9.87E-18,up
MEOX2,-3.49215672,1.90E-12,down
DNAJC3,3.490783545,1.12E-25,up
MKI67,3.489456126,4.10E-08,up
FN1,3.489240266,2.33E-25,up
PIGX,3.488429622,5.87E-21,up
SLC16A7,-3.48590693,5.86E-26,down
SERPINE1,3.483930713,3.92E-10,up
PEAR1,-3.481574664,1.50E-39,down
H2AFY,3.480354944,2.49E-19,up
KIF23,3.479087455,2.11E-10,up
CXCL14,-3.474005301,7.21E-05,down
AGTRAP,3.473787497,1.96E-26,up
ARIH1,3.470479413,3.90E-27,up
SRD5A3,3.470137021,9.81E-13,up
,-3.46980607,6.20E-10,down
RAD1,3.467165678,1.73E-25,up
LAMB3,-3.464693056,1.30E-10,down
SMARCC1,3.458801378,4.57E-27,up
FEN1,3.45853735,2.52E-13,up
COL5A2,3.458301035,1.38E-12,up
ANKRD22,3.458238385,1.00E-08,up
PCK1,-3.456896909,9.06E-24,down
CBX2,3.453030399,6.47E-06,up
CR936796,-3.452246944,9.07E-12,down
KIF20A,3.445269245,7.13E-09,up
ANGPTL4,-3.444922245,1.20E-13,down
CTNNA1,3.443103888,1.47E-13,up
RBM6,3.442772979,5.33E-16,up
CCNE2,3.441791322,5.59E-10,up
DNAJC10,3.441155392,6.81E-27,up
DICER1,3.438658664,6.00E-19,up
KIAA1033,3.436449559,3.38E-23,up
PTTG1,3.436360224,1.64E-11,up
DLGAP5,3.422122315,4.16E-07,up
IL17RD,-3.421799175,1.03E-06,down
DCLK1,-3.418995175,1.12E-07,down
ACSM5,-3.418955755,3.29E-26,down
VDAC1,3.418259594,1.24E-28,up
,-3.41729435,2.23E-24,down
MCL1,3.416548413,9.75E-28,up
RUNX1T1,-3.416189888,9.78E-09,down
AURKAPS1,3.415420035,1.97E-31,up
CCNA2,3.404459203,4.17E-10,up
ANKRD35,-3.404156448,2.73E-12,down
OAS2,3.403633755,1.68E-07,up
PAK2,3.402150287,3.47E-21,up
ACP1,3.400552385,8.87E-22,up
DGAT2,-3.400195524,2.74E-08,down
,-3.396314685,8.73E-13,down
CREB1,3.396015224,1.93E-14,up
PPP2R5C,3.395779552,2.35E-31,up
DCAF10,3.394466993,7.00E-21,up
B3GNT2,3.394256664,2.06E-23,up
C16orf89,-3.394121734,8.69E-11,down
SLC38A1,3.386641371,2.77E-14,up
ZNF207,3.382521308,3.52E-30,up
METTL2A,3.381591916,7.17E-26,up
,3.380478587,8.51E-08,up
SLC4A4,-3.379991909,1.13E-31,down
PDGFD,-3.374508867,8.61E-07,down
RNF213,3.374407196,6.28E-18,up
GNAL,-3.373875497,3.10E-20,down
MAN2A1,3.371984818,3.05E-21,up
SULF2,3.371970287,4.32E-12,up
EFEMP1,-3.371529888,2.67E-07,down
PTPN12,3.370205545,2.47E-15,up
PDAP1,3.370113937,2.69E-21,up
PGRMC1,3.368768895,1.09E-19,up
CPD,3.367584811,5.04E-11,up
WAPAL,3.364734252,1.45E-28,up
NDC1,3.364705287,7.38E-14,up
PID1,-3.35836658,2.27E-18,down
ITM2A,-3.357348189,5.94E-10,down
USP38,3.355266441,5.42E-25,up
PRKAR1A,3.353870322,2.22E-19,up
,3.349653014,8.59E-24,up
SECISBP2,3.347561741,1.73E-25,up
DNAJB1,3.345263545,4.37E-28,up
DHX15,3.34378535,1.14E-27,up
PGM5,-3.340644476,8.50E-27,down
,3.340149566,2.27E-18,up
,-3.33925851,3.44E-12,down
DAAM1,3.334329105,3.00E-06,up
CLU,-3.333188678,2.05E-10,down
HSPB2,-3.328178923,1.25E-36,down
ASAP1,3.327793322,2.71E-22,up
DUSP5,3.327308266,3.72E-08,up
MED23,3.326078441,5.80E-23,up
MMRN2,-3.325175385,2.17E-23,down
WSB1,3.32508828,4.04E-10,up
ARFGEF2,3.324120671,1.66E-27,up
GNB1,3.321248315,1.18E-31,up
RAB5C,3.320877657,9.47E-26,up
HOMER3,3.320810916,2.41E-16,up
ZNF12,3.319703077,1.06E-23,up
SEC24A,3.319674517,7.98E-26,up
GPC3,-3.31912586,1.02E-11,down
DDX3X,3.318134105,9.18E-26,up
BUB1,3.316153364,2.40E-07,up
7-Mar,3.315532483,6.22E-27,up
NDC80,3.314189448,1.53E-08,up
LINC00086,-3.31149814,1.62E-13,down
,-3.310800769,6.43E-20,down
MCM4,3.308838909,6.05E-15,up
,3.307960909,8.01E-16,up
C16orf72,3.30624193,6.04E-33,up
ANAPC5,3.305851517,9.83E-17,up
ERO1L,3.304934497,4.30E-13,up
KIF2A,3.304002818,1.23E-27,up
HDGFRP3,3.303586336,2.47E-10,up
PARP9,3.303575762,1.96E-18,up
ARL8B,3.301464273,2.45E-35,up
,-3.300764979,8.41E-26,down
LMF1,-3.300393238,2.15E-10,down
FIGN,-3.299832839,2.09E-20,down
,3.29804693,1.91E-18,up
CLDND1,3.297967804,5.44E-20,up
SOX11,3.29699614,0.000438305,up
KIF26B,3.295052734,1.84E-09,up
ABHD12,3.294839797,2.41E-27,up
VAV3,3.293136832,5.44E-07,up
ADH1C,-3.290962357,2.71E-33,down
ATP6AP2,3.289240622,2.59E-25,up
FAM60A,3.288894196,3.03E-12,up
PDE2A,-3.288051441,2.80E-35,down
IGF2R,3.285452133,1.62E-25,up
RHOB,3.284510664,1.03E-09,up
FOXA1,3.283729664,0.002752958,up
SIAH2,3.282330692,1.43E-16,up
AX747132,-3.281773797,1.65E-27,down
KIF14,3.281670098,2.40E-07,up
CLPTM1,3.279559238,5.00E-25,up
KPNA1,3.278115448,9.64E-19,up
HIST1H2BE,3.276675483,1.71E-14,up
ALDH18A1,3.272028783,3.92E-32,up
CIDEA,-3.268248126,1.73E-16,down
LAMA3,-3.266673217,3.14E-06,down
NUDT3,3.266583986,6.68E-18,up
LIPE,-3.266523664,4.52E-32,down
TM9SF3,3.264725315,5.67E-32,up
HTATIP2,3.262483951,1.55E-18,up
MIR4723,3.262362238,3.28E-15,up
MIR3658,3.261982545,4.17E-17,up
CLDN5,-3.260841559,2.41E-32,down
ME2,3.259435385,9.36E-15,up
MEOX1,-3.258746706,3.89E-14,down
SYNPO2,-3.258697119,2.62E-12,down
HLA-DQB1,3.257513685,8.45E-10,up
TPM4,3.255993028,6.85E-23,up
HOXA10-HOXA9,-3.255328566,3.54E-08,down
LOC100506538,3.255114168,3.42E-20,up
C3orf38,3.253240273,5.08E-29,up
MAP3K7,3.249438524,1.57E-20,up
LAPTM5,3.24896558,3.79E-19,up
MORF4L2,3.246871622,2.93E-15,up
PON2,3.242216378,5.14E-21,up
IFI6,3.23855207,1.53E-09,up
VPS8,3.237516262,3.80E-18,up
GXYLT2,3.237065895,6.29E-08,up
LRRC41,3.237055531,2.90E-27,up
CKAP5,3.236454832,3.08E-31,up
EPT1,3.236327021,3.97E-17,up
,-3.233924874,2.34E-27,down
XPNPEP1,3.23355293,1.17E-27,up
ABLIM3,-3.231220531,3.35E-10,down
CACHD1,-3.23014686,1.08E-10,down
NAT1,3.229743266,0.00065018,up
CFLAR,3.229633427,3.02E-14,up
ITGB1,3.229374196,1.98E-19,up
VTA1,3.228865364,8.77E-27,up
LRRC59,3.228692406,7.60E-18,up
SCN3A,-3.225752245,6.47E-36,down
AIDA,3.225713587,3.28E-26,up
SLC17A5,3.224273119,1.25E-17,up
AKT1S1,3.222108629,6.89E-31,up
MAGOH,3.219259881,3.32E-16,up
CKAP2,3.214641399,9.76E-17,up
KMO,3.21375778,9.10E-05,up
OAS3,3.213193727,4.63E-12,up
CD164,3.211695042,2.94E-16,up
MAPKAPK2,3.208491448,5.64E-23,up
E2F5,3.207608713,3.61E-12,up
IRF6,3.206173923,4.99E-09,up
RIOK3,3.205449755,1.14E-25,up
CCL4,3.204367769,1.89E-09,up
RAB27A,3.202237287,2.38E-14,up
SAR1B,3.201158545,1.83E-24,up
SPTSSA,3.199337811,1.06E-15,up
MOB1A,3.199249028,2.54E-27,up
DEGS1,3.197307336,7.26E-16,up
FAM120A,3.194263441,1.55E-35,up
NEMF,3.189809161,9.68E-25,up
TAB2,3.189178084,9.35E-20,up
GLUL,3.188121294,3.17E-17,up
RFWD2,3.187508566,8.60E-27,up
PLOD2,3.185776483,9.38E-11,up
GFM1,3.185589476,3.09E-28,up
VAMP7,3.18470679,3.18E-23,up
CCZ1,3.181973126,8.34E-27,up
DESI2,3.181612811,1.69E-19,up
SERINC3,3.179358692,2.16E-22,up
RAD51AP1,3.178947266,6.62E-10,up
TUG1,3.17799442,1.73E-23,up
HNRNPC,3.177809629,7.83E-33,up
BCL2A1,3.176040636,2.26E-05,up
SELT,3.175572937,1.47E-27,up
,-3.173958643,3.87E-06,down
LOC101928625,3.17259186,2.12E-17,up
ABRACL,3.172523238,2.98E-17,up
ITGA9,-3.172325042,1.35E-07,down
OXR1,3.170691049,8.43E-14,up
FCER1G,3.170361315,8.19E-14,up
OSTC,3.166678888,9.26E-29,up
AP2B1,3.166422664,2.98E-15,up
DVL3,3.166128007,4.60E-27,up
STK38,3.163839154,8.71E-23,up
RANGAP1,3.162994014,1.87E-23,up
SFT2D1,3.162949993,1.28E-22,up
HOXA3,-3.162100084,3.78E-11,down
YIF1B,3.160806294,7.53E-28,up
SLC25A32,3.156452014,5.24E-21,up
,3.152786231,1.56E-10,up
DLG1,3.151995832,2.67E-15,up
CD74,3.15182893,1.72E-12,up
GABBR1,3.151513685,0.001400191,up
XDH,-3.151053217,5.87E-06,down
THBS1,3.149954315,2.86E-10,up
HNRNPF,3.14654458,1.04E-29,up
SRSF3,3.145852112,1.65E-21,up
COG5,3.144189063,2.16E-28,up
SLC25A39,3.144063308,6.92E-25,up
FGF1,-3.143379315,5.66E-13,down
PSMB4,3.141943881,4.46E-23,up
PPAPDC1A,3.139766154,2.96E-06,up
UBE2G1,3.138276105,3.33E-29,up
LIMS2,-3.137091357,2.28E-31,down
LIFR,-3.135968678,7.72E-14,down
KLB,-3.134384832,1.79E-22,down
SPATS2,3.133294888,2.13E-28,up
EPSTI1,3.132967937,8.84E-08,up
RASL10A,-3.132700329,3.41E-18,down
DHTKD1,3.130306161,1.30E-15,up
FBXO6,3.126373895,2.11E-12,up
FAXDC2,-3.124875748,6.35E-11,down
PHF19,3.124843035,3.88E-08,up
ANPEP,-3.123457196,8.24E-07,down
HIST1H2BC,3.122131503,7.54E-12,up
GNAI3,3.121850979,4.88E-33,up
CCL2,3.120058664,8.89E-10,up
CANX,3.117190517,9.19E-24,up
DCTN5,3.116543573,7.86E-22,up
CNTNAP3,-3.115963699,1.15E-11,down
CAV1,-3.115364804,2.36E-15,down
DONSON,3.115093608,2.82E-16,up
ENPP2,-3.113474238,2.41E-08,down
UBE2J1,3.112759406,1.55E-21,up
PARVA,-3.109982119,2.87E-15,down
SMC2,3.109901832,3.17E-11,up
LDB2,-3.109279958,1.65E-13,down
CASP8AP2,3.10788414,2.89E-20,up
RAC1,3.107753874,9.34E-25,up
RAP1GDS1,3.107614322,4.47E-18,up
ENC1,3.10632221,7.41E-14,up
MMP3,3.105401126,9.45E-05,up
TPP1,3.104647266,1.13E-16,up
SEMA6D,-3.103720958,2.54E-09,down
WDR1,3.102565371,1.77E-18,up
XIST,3.10177935,2.23E-07,up
ADIRF,-3.09901893,6.62E-05,down
ROPN1B,-3.09543151,0.000359734,down
DCTN4,3.093269007,2.39E-17,up
UBE2B,3.092204203,4.77E-22,up
GALNT10,3.091660301,1.97E-08,up
ACTA2,-3.090979035,1.75E-09,down
GYG1,3.090682301,1.95E-22,up
APPL1,3.089309853,1.06E-18,up
LRIF1,3.085433273,5.12E-26,up
SPTBN1,-3.084998469,4.33E-26,down
LOC642236,-3.08466749,9.62E-27,down
IGHD,3.084486825,8.56E-05,up
LYN,3.084299944,2.52E-13,up
VEGFA,3.083360168,1.36E-10,up
ZNF148,3.083039077,7.59E-25,up
,3.081031538,1.74E-12,up
REL,3.08086942,9.13E-23,up
,3.078291469,1.53E-23,up
RASA1,3.078059105,2.38E-16,up
RBM47,3.077030958,2.36E-17,up
MBNL1,3.075096944,7.21E-13,up
MAPK13,3.074746734,1.39E-18,up
SDC1,3.074118014,6.13E-17,up
SRP72,3.074107,2.65E-27,up
CAPN7,3.073195252,7.43E-16,up
SLC2A10,3.072971133,6.57E-07,up
CLIC4,3.072477559,4.18E-09,up
,-3.070507888,2.42E-25,down
AK5,-3.068915315,5.30E-20,down
ITGB2,3.068788713,1.54E-12,up
LRR1,3.066643042,1.28E-13,up
MAP4K5,3.066243727,1.03E-24,up
PLEC,3.064854769,1.10E-14,up
POLE3,3.06185235,6.10E-25,up
GRB7,3.060554406,0.000284786,up
NUDCD1,3.057429406,4.10E-18,up
LGALS8,3.057313503,7.74E-08,up
PPFIA1,3.05660721,1.98E-19,up
,-3.055961706,6.60E-50,down
NFYB,3.05492714,5.23E-31,up
DQ592442,-3.054170105,1.65E-18,down
VWF,-3.053364636,1.11E-21,down
PRKCD,3.052733483,3.21E-17,up
ABI1,3.051035252,1.31E-27,up
LGR6,-3.050976797,4.86E-13,down
RUFY3,3.049810112,2.54E-21,up
ROBO4,-3.049800028,1.54E-26,down
CALD1,3.048386266,3.93E-13,up
EHD2,-3.046643643,4.15E-14,down
TIMM17A,3.046075266,1.12E-29,up
JUP,-3.043066336,0.000226872,down
NRAS,3.040800336,4.61E-11,up
NPIPA5,3.040527706,2.71E-19,up
SYPL1,3.03767293,5.25E-20,up
BAIAP2L1,3.037240175,2.65E-11,up
MIAT,3.033618951,2.73E-07,up
SGPL1,3.030996573,7.60E-30,up
SLC25A27,-3.028191755,3.58E-17,down
MACF1,3.028039406,3.87E-22,up
FGF7,-3.026502287,4.47E-27,down
RSAD2,3.02596951,2.34E-06,up
APH1A,3.025754315,1.36E-23,up
ASF1A,3.024899783,1.15E-14,up
SSR1,3.024686538,2.48E-25,up
ZFP36L2,3.023709413,9.55E-15,up
NDRG3,3.01862993,2.49E-22,up
NCAPD2,3.017679308,1.36E-09,up
APCDD1,-3.016709545,2.95E-10,down
GFPT1,3.015478301,4.50E-19,up
RABIF,3.014162203,4.17E-24,up
S100A9,3.013944783,0.004589404,up
NDE1,3.011244664,8.92E-13,up
BCLAF1,3.010215175,2.04E-16,up
SLC35B1,3.009799399,1.44E-14,up
HSP90B1,3.009620273,7.02E-24,up
LOC101928189,3.009138301,1.64E-21,up
MAPKAP1,3.008638706,2.90E-21,up
RAB10,3.00821651,4.67E-32,up
HOTAIRM1,-3.008036273,3.33E-17,down
FGFR1OP,3.007897846,8.73E-19,up
MRPS12,3.006607308,7.08E-21,up
NIPBL,3.004440986,5.81E-27,up
SEC23IP,3.003831951,1.24E-23,up
PGD,3.00244686,2.42E-15,up
SEC23B,3.002342909,2.56E-25,up
MLXIPL,-3.000624993,1.24E-30,down
KIAA0907,3.000095252,3.71E-17,up
CPSF2,3.000045476,2.79E-27,up
ARPC5,2.999533469,6.98E-26,up
HPCAL1,2.998834895,3.85E-19,up
ANP32A,2.997213902,2.38E-19,up
RMI1,2.995224678,4.80E-22,up
DNAH3,-2.994090902,4.73E-55,down
,-2.993502238,8.89E-28,down
RHEB,2.991270147,5.12E-23,up
SCOC,2.991049594,1.07E-15,up
,-2.98905721,1.54E-09,down
CENPW,2.989021091,4.36E-06,up
DCAF7,2.988412615,7.21E-17,up
YTHDF3,2.987303713,1.26E-08,up
TNFAIP3,2.98720442,1.57E-10,up
PROSC,2.984419203,2.69E-14,up
USP21,2.984414042,2.97E-24,up
IGSF10,-2.984324762,1.86E-16,down
,2.983972881,1.60E-14,up
NES,-2.983139427,9.95E-08,down
ANKRD29,-2.980899951,1.43E-23,down
TIMP3,2.980470266,2.40E-06,up
NIPSNAP1,2.980077832,5.19E-21,up
AK021804,-2.980067014,5.64E-09,down
,-2.978434483,6.11E-34,down
GINS1,2.977810839,3.58E-09,up
ASNA1,2.975971308,7.90E-23,up
WTAP,2.975287608,9.42E-16,up
TAF15,2.974631133,2.47E-13,up
CRTAP,2.974185839,1.28E-11,up
NQO1,2.974048685,1.85E-06,up
CDCA5,2.972704021,2.89E-09,up
PRKCI,2.971295042,2.37E-27,up
TFAP2A,2.97048465,8.63E-14,up
MYZAP,-2.970450552,7.35E-14,down
PERP,2.969917392,1.65E-11,up
STOX2,-2.968302259,5.23E-08,down
NUCKS1,2.967907406,1.82E-25,up
TMEM132C,-2.966068622,8.56E-36,down
TRIM29,-2.965506944,0.000694308,down
EIF4E,2.96500914,7.59E-24,up
PLA2R1,-2.964999783,1.65E-13,down
HRSP12,2.964174469,9.32E-13,up
SET,2.963270825,3.89E-27,up
KDM5B,2.963088427,1.48E-26,up
ECSCR,-2.96284035,2.20E-20,down
LGALS12,-2.962639741,1.60E-16,down
BOC,-2.962499098,5.49E-10,down
CENPE,2.960124434,3.46E-06,up
,2.959758993,1.42E-06,up
F11R,2.95972521,5.18E-21,up
RERGL,-2.959155587,4.06E-14,down
HLA-DRA,2.959123427,4.84E-13,up
TRAPPC11,2.958763895,1.57E-20,up
ROPN1,-2.957996503,0.000374873,down
RACGAP1,2.957669322,7.71E-14,up
HMG20B,2.957174545,5.00E-21,up
DDX42,2.957166014,4.26E-13,up
AQP1,-2.955938881,4.58E-11,down
CACUL1,2.954011944,1.38E-22,up
,-2.953848455,2.91E-26,down
PPP2R1B,-2.952832993,6.31E-26,down
ZNF281,2.952123343,5.24E-26,up
TNMD,-2.951817902,1.71E-14,down
,-2.951213021,4.45E-10,down
FBXO21,2.950441238,1.15E-28,up
OPHN1,-2.948398469,1.27E-44,down
TMX1,2.947960531,5.25E-10,up
CPED1,-2.947138371,1.25E-11,down
,-2.945654678,8.51E-14,down
CDCA3,2.944364846,7.01E-07,up
BZW1,2.941272713,9.56E-28,up
SIK1,2.941058364,7.29E-10,up
CYB5R4,2.94091621,2.35E-19,up
PIK3CA,2.939264483,1.01E-17,up
MBD4,2.938016741,6.25E-27,up
ABCF2,2.934571867,6.62E-25,up
PPARG,-2.932249713,1.40E-14,down
CA12,2.932066217,0.003426926,up
RP1-193H18.2,-2.931923147,3.55E-22,down
ABCA1,2.931636622,2.30E-13,up
,-2.931091469,4.93E-17,down
MIA,-2.930881566,2.72E-05,down
ARL4C,2.927161958,1.81E-09,up
PNKD,2.927159692,1.43E-09,up
ATOH8,-2.927101825,2.63E-37,down
SAMSN1,2.926420259,1.65E-10,up
SUV39H2,2.926214427,1.61E-09,up
ABHD17C,2.925624042,5.28E-11,up
PAICS,2.923703483,4.04E-16,up
TP53RK,2.91998251,9.97E-19,up
DYRK2,2.919899517,2.33E-18,up
PRPF31,2.916666573,1.38E-27,up
EMCN,-2.915531371,2.28E-10,down
CHMP4B,2.915508596,2.85E-09,up
HPRT1,2.914854028,6.13E-18,up
TCTN2,-2.913957126,1.88E-47,down
AREL1,2.913905392,1.11E-27,up
SLMO2,2.91371258,7.23E-25,up
THY1,2.912191552,1.17E-12,up
MIR636,2.911256378,3.93E-33,up
,-2.910852448,2.69E-40,down
ACTG2,-2.909030371,0.001338997,down
KYNU,2.907496014,0.000109939,up
AURKB,2.907475427,1.48E-07,up
,-2.905004622,8.08E-12,down
TIAM1,2.900737552,1.02E-10,up
NCALD,-2.898864902,1.03E-08,down
CERS6,2.896418643,2.03E-11,up
ADRA2A,-2.89602735,3.48E-05,down
FAM20B,2.894511308,8.59E-25,up
CXorf40A,2.892798364,1.15E-17,up
CAPN3,-2.891636972,1.77E-18,down
TSR1,2.888537769,1.45E-21,up
,-2.887264657,1.16E-37,down
ZCCHC24,-2.887153427,8.87E-09,down
NDN,-2.887103448,7.81E-11,down
WBP11,2.887085203,2.43E-20,up
HIST1H2BK,2.886320252,6.86E-13,up
PNO1,2.885764657,2.15E-23,up
COA1,2.884639091,1.54E-21,up
TAOK1,2.883128056,8.84E-13,up
NCBP1,2.882607895,9.93E-21,up
KNTC1,2.882076119,3.21E-17,up
CIRH1A,2.880090077,7.65E-13,up
TBL1XR1,2.879757476,4.55E-18,up
COPZ1,2.878554986,5.43E-26,up
ZNF627,2.878190636,4.01E-23,up
ORMDL2,2.877126462,1.33E-18,up
,2.87620186,5.19E-10,up
PTPRC,2.875324559,9.04E-08,up
FRYL,2.875156098,1.17E-17,up
ALG13,2.873594615,7.24E-15,up
RC3H2,2.873137818,6.98E-26,up
RARRES1,2.872982699,0.002387589,up
TMEM70,2.872243042,1.54E-23,up
KPNA3,2.872143021,4.13E-15,up
TNFSF13B,2.871629944,5.98E-10,up
WARS,2.869906797,1.96E-11,up
LOC100506639,2.86835965,6.52E-20,up
,-2.868236469,2.70E-54,down
TM4SF18,-2.867943182,5.73E-10,down
CD58,2.865844126,1.38E-18,up
SLIT3,-2.86480086,1.55E-30,down
TRIM27,2.864550413,3.42E-29,up
B3GALNT1,2.864479049,9.21E-14,up
COL8A1,2.863556238,1.38E-05,up
FAM208B,2.863311972,5.27E-18,up
LTF,-2.863039653,0.015444481,down
APLP2,2.862092818,2.27E-14,up
LINC00341,-2.861819329,1.32E-12,down
TIA1,2.861237,7.57E-22,up
ZNF528,-2.861101469,1.87E-27,down
HOXA7,-2.860845559,3.38E-18,down
CCL3,2.860002559,8.15E-11,up
SMARCA4,2.858860909,1.39E-21,up
DIO2,2.856685797,0.000144815,up
CCNL1,2.85444093,8.33E-14,up
,-2.852355245,4.28E-11,down
PDE7A,2.852102958,2.61E-08,up
COLCA1,-2.851439161,2.43E-43,down
PCMT1,2.84988865,7.18E-26,up
DPP3,2.847897706,2.34E-18,up
TACC3,2.847068916,4.21E-11,up
KANK3,-2.84582821,1.01E-58,down
RBFOX2,2.845449692,2.63E-14,up
DDX58,2.845328643,3.90E-09,up
WLS,-2.844686657,4.13E-06,down
PLEKHB2,2.843131874,2.02E-28,up
FOXM1,2.842129524,5.44E-05,up
ZBED4,2.841790056,4.34E-13,up
SCYL2,2.84002786,1.27E-26,up
RNF115,2.838461245,9.94E-24,up
BAZ1A,2.836995699,1.48E-28,up
,2.836811126,3.21E-13,up
,-2.836163042,2.98E-27,down
MRPL44,2.835766021,2.08E-22,up
ANKRD20A5P,-2.835704294,8.88E-24,down
POLR2K,2.833502713,3.72E-23,up
RPS15A,-2.832461434,4.31E-16,down
RPL13,-2.831551776,1.52E-12,down
RPS11,-2.830425056,1.23E-34,down
UEVLD,2.829575469,1.10E-09,up
CCL21,-2.829496021,2.02E-11,down
RAD54B,2.828727594,1.06E-10,up
DPH3,2.828176622,2.64E-16,up
BUB3,2.82780721,1.29E-23,up
AMD1,2.825261434,8.04E-11,up
OAZ2,2.824724727,1.28E-25,up
PSMD10,2.824684552,8.47E-22,up
SLC25A43,2.824232308,1.90E-16,up
OGFOD1,2.823792175,4.48E-21,up
LCP1,2.823420406,2.21E-10,up
NUFIP2,2.822543706,1.91E-15,up
MOCS1,-2.822337734,2.79E-47,down
DCLRE1C,2.820890091,8.69E-16,up
DLC1,-2.820583601,5.83E-15,down
PPAP2C,2.819283364,6.53E-13,up
RASIP1,-2.818749497,2.82E-16,down
LRP2,-2.818281727,0.000927703,down
PSMD12,2.817796231,1.03E-16,up
USP34,2.815835042,4.23E-18,up
ZFR,2.815466413,2.74E-20,up
CXCL2,-2.814697273,4.04E-07,down
TMCO3,2.812748559,5.62E-17,up
NSG1,-2.812340392,3.80E-23,down
,-2.812232063,2.21E-35,down
CGGBP1,2.810599755,4.61E-20,up
SCRN2,-2.80924207,8.10E-16,down
UCHL5,2.807086769,1.48E-16,up
KPNA4,2.806343021,6.34E-11,up
H2AFZ,2.805923776,1.02E-22,up
MTHFD2,2.804339657,1.01E-20,up
PREPL,2.802962126,4.98E-19,up
SYNCRIP,2.801695049,4.67E-16,up
FBXO28,2.80138428,1.27E-18,up
NOTCH2,2.800132133,2.34E-16,up
PTHLH,-2.799906091,1.17E-05,down
ARL1,2.799648336,1.03E-26,up
HSPA12B,-2.798853965,7.43E-13,down
MPDU1,2.798538315,2.53E-24,up
PHLDA2,2.797024545,1.68E-08,up
PLEKHH2,-2.796714839,8.86E-08,down
,2.796360469,1.05E-09,up
,2.796083357,7.55E-19,up
TPD52L1,2.794377713,1.52E-06,up
GINS2,2.793535755,1.62E-08,up
PDE7B,-2.792899909,1.26E-14,down
HJURP,2.792107909,1.80E-06,up
NAPA,2.790925497,2.05E-23,up
SH3BGRL,2.790807434,7.09E-10,up
SPATC1L,2.790788678,1.29E-08,up
,2.789330329,3.90E-12,up
DCX,-2.787721636,5.21E-13,down
PDGFA,-2.786531476,4.87E-14,down
PMAIP1,2.785953559,1.37E-06,up
,-2.785531965,2.06E-38,down
KCTD15,2.78518451,1.93E-09,up
,-2.779917552,4.07E-18,down
C21orf33,2.778628811,4.79E-20,up
ANGPTL1,-2.777169671,2.28E-26,down
CCDC3,-2.77420521,5.82E-14,down
CYR61,2.77389121,2.95E-08,up
LIG3,2.772632643,5.35E-08,up
PCNA,2.771827657,1.11E-20,up
FGFR3,2.771709853,6.84E-05,up
,-2.771492713,1.96E-07,down
MFN1,2.771389,7.44E-16,up
CCDC8,-2.771081573,3.12E-17,down
ALDH1A2,-2.770827797,5.59E-23,down
,2.770133797,8.88E-11,up
H2AFV,2.769649196,1.44E-26,up
LEPREL1,-2.768892965,1.23E-12,down
VPS35,2.768007944,5.07E-11,up
ST3GAL1,2.767772315,3.51E-09,up
LOC645166,-2.767470427,2.73E-10,down
KCTD14,-2.767268231,3.56E-06,down
THUMPD3-AS1,2.766846315,2.15E-08,up
ADAMDEC1,2.76663535,0.000869003,up
BMPR1B,2.766547329,0.014649032,up
YKT6,2.766032413,1.58E-18,up
,-2.765980566,2.18E-14,down
G3BP2,2.764208797,2.48E-20,up
MRPL13,2.763606497,3.13E-20,up
SLC26A3,-2.761278545,1.18E-06,down
MCUR1,2.760450993,2.94E-16,up
C12orf4,2.760363951,1.48E-11,up
PRPF40A,2.760146014,1.78E-24,up
ELAVL1,2.759519469,1.75E-20,up
TMEM37,-2.758124238,2.33E-13,down
ABCA9,-2.758117944,7.01E-38,down
ODF2,2.757753063,1.66E-16,up
NFIB,-2.756200427,5.64E-10,down
NLN,2.755975308,9.68E-17,up
C15orf48,2.755920105,1.67E-06,up
PRDM1,2.755107916,2.41E-10,up
CTGF,2.753692049,3.87E-08,up
CD9,2.753664056,1.26E-21,up
,2.75233314,6.65E-22,up
LMBR1,2.751658503,7.45E-14,up
LDLR,2.750445161,1.20E-09,up
ANXA1,-2.749745776,5.27E-08,down
TFRC,2.749519182,1.51E-13,up
MGLL,-2.746824608,1.59E-07,down
RDX,2.746073238,1.89E-09,up
FOXP2,-2.745999678,1.16E-11,down
ADAMTS9,-2.745593119,2.57E-10,down
FOLR1,-2.743735773,0.000333648,down
FGFR1OP2,2.743470231,5.93E-19,up
TLK2,2.740774783,1.95E-22,up
PROM1,-2.73941458,0.016309184,down
SAMD9L,2.739196007,3.39E-08,up
CREM,2.738421168,1.29E-19,up
TMEM9,2.732273014,7.21E-25,up
CAPN6,-2.73202335,6.35E-06,down
BSG,2.730891217,4.79E-18,up
TGFB1,2.730856867,2.05E-17,up
GTSE1,2.729626119,3.82E-06,up
KGFLP2,-2.729443,1.20E-50,down
POLR2J,2.729070126,8.18E-24,up
ADCY4,-2.728229252,7.54E-20,down
SS18,2.727548462,2.76E-28,up
RGMA,-2.726940266,4.95E-07,down
CITED1,-2.726727077,4.23E-11,down
SLC11A2,2.725805105,6.86E-20,up
TLCD1,2.724218944,2.84E-06,up
IFNGR1,2.721170832,1.30E-15,up
TMC6,2.720903678,7.70E-10,up
KBTBD2,2.719977056,1.47E-14,up
CYYR1,-2.71968614,5.18E-13,down
TMEM189,2.719601573,6.62E-25,up
CD86,2.719600643,2.18E-08,up
SLC33A1,2.718699203,2.13E-15,up
BCL2L11,2.715715832,6.38E-18,up
LPGAT1,2.715692182,1.06E-12,up
,-2.715518608,7.45E-23,down
FLVCR1,2.715494867,6.81E-19,up
C14orf142,2.71484528,1.63E-20,up
STX3,2.714628441,8.12E-21,up
HSPB6,-2.712081685,1.27E-22,down
DOPEY2,2.711102301,2.41E-11,up
PPA2,2.711035287,2.14E-21,up
LLPH,2.710185021,1.80E-20,up
ANKH,2.709956881,1.09E-13,up
ARHGAP32,2.708850797,2.45E-07,up
MYOF,2.708842308,4.24E-11,up
HOPX,2.708642357,6.48E-08,up
,2.708543329,4.47E-05,up
CIRBP,-2.708378545,1.27E-15,down
CRISPLD1,-2.70805965,0.000815363,down
EGF,-2.707977888,2.59E-07,down
COPA,2.707314545,1.00E-06,up
BRCC3,2.706985839,5.31E-09,up
TIMM23,2.706983622,2.96E-26,up
PRRC1,2.706538161,3.12E-23,up
STAT5A,-2.705605259,3.22E-16,down
,-2.704748706,1.88E-34,down
MYLK,-2.703559364,7.20E-10,down
RNFT1,2.70206165,1.60E-06,up
CDC6,2.70199658,0.000151624,up
PTP4A3,2.701503762,6.47E-10,up
ATP2A2,2.701005783,7.35E-28,up
ZMYND11,2.700233196,7.81E-17,up
ZNF124,2.69886965,3.44E-12,up
DDX39A,2.698630266,3.68E-19,up
NUP98,2.698593378,1.04E-27,up
CTSC,2.697961469,3.68E-06,up
CITED2,2.697243343,1.48E-10,up
PTK2,2.696551364,6.58E-22,up
GSTM3,-2.69597807,6.15E-10,down
P2RX4,2.695014559,5.40E-16,up
IFI30,2.693790329,4.74E-15,up
DNTTIP1,2.693229336,1.26E-24,up
,-2.692537972,1.11E-21,down
MIEN1,2.690537797,4.76E-05,up
SPTLC1,2.689897741,5.47E-16,up
RAB4A,2.689561413,5.60E-16,up
RAB14,2.689548301,6.35E-25,up
RHOJ,-2.688228601,2.94E-09,down
AMT,-2.687961119,5.11E-18,down
KDELR2,2.687762455,2.14E-22,up
STEAP4,-2.685752825,0.00201947,down
DCUN1D1,2.683766371,7.27E-24,up
EDN3,-2.683064867,8.43E-13,down
PPP1CB,2.682830531,1.57E-15,up
TPGS2,2.682474392,1.15E-18,up
CDYL,2.681986469,1.64E-23,up
CEBPG,2.680738042,7.31E-10,up
FH,2.680216811,8.36E-14,up
NBPF10,2.679152594,1.37E-20,up
PTBP3,2.679030853,2.63E-14,up
COMMD10,2.678848867,1.07E-13,up
LOC441259,2.678734035,4.46E-18,up
MAST4,-2.677169035,2.68E-09,down
HIP1,2.677053427,9.51E-13,up
HMGB3,2.677043874,1.04E-07,up
COL14A1,-2.67692586,0.000306841,down
,-2.676160469,8.30E-22,down
SVEP1,-2.675956692,3.24E-14,down
MSH2,2.67399642,2.87E-14,up
NCEH1,2.673836161,1.13E-09,up
UBA6,2.673447042,1.88E-08,up
CLCC1,2.672539566,4.82E-21,up
RPA1,2.67250907,2.02E-17,up
FOPNL,2.671868818,5.99E-11,up
STRBP,2.66978572,3.36E-21,up
NUDT21,2.665769818,2.68E-15,up
WDFY1,2.665051378,1.64E-18,up
,-2.663345035,4.98E-22,down
MAP7,2.662481762,3.48E-10,up
SPG20,-2.662348084,3.75E-19,down
BAG2,2.662216916,1.94E-05,up
UBFD1,2.661772196,2.76E-16,up
,2.66151349,8.73E-11,up
MDM4,2.660775545,2.12E-09,up
NRBF2,2.660761804,1.33E-18,up
CYP51A1,2.659075455,6.79E-15,up
ECM2,-2.658295007,5.45E-07,down
AP3B1,2.657700552,3.23E-27,up
SMC6,2.65495765,6.93E-23,up
ADAM12,2.654954601,3.46E-07,up
FABP7,-2.65430107,0.010494303,down
UGCG,2.652825266,1.80E-12,up
RBM15,2.652436175,1.21E-22,up
RECK,-2.650382804,3.38E-51,down
CNOT8,2.648054636,1.09E-18,up
MIA3,2.647991469,2.54E-19,up
GRAMD3,-2.646967524,1.65E-13,down
HYLS1,2.646674699,1.49E-12,up
RAB7A,2.64645814,3.90E-27,up
DCTD,2.644421846,3.19E-16,up
SERPINH1,2.643303643,1.14E-16,up
AIF1L,-2.642720105,0.000273594,down
FBXO45,2.642471385,1.90E-13,up
,2.639634021,2.29E-21,up
NEK2,2.638893685,5.67E-06,up
TFAP2B,-2.638558657,0.047368351,down
RANBP2,2.638122902,1.84E-18,up
LACTB2,2.636849874,6.02E-13,up
PKIB,2.636383084,3.77E-05,up
UBR5,2.635308559,2.53E-19,up
HLA-DPA1,2.634668937,1.47E-06,up
,2.634253783,7.99E-17,up
BLVRA,2.633076189,8.68E-10,up
PEX2,2.62864907,7.39E-20,up
BLOC1S1-RDH5,-2.628179594,2.98E-27,down
abParts,2.627632902,0.000782214,up
SLC20A1,2.627007448,1.38E-22,up
TMEM167A,2.626309524,6.44E-29,up
CHAC2,2.62587207,2.60E-07,up
SIK2,-2.625763245,1.80E-22,down
ADRBK2,-2.623729538,1.27E-12,down
CNIH4,2.623444685,5.92E-21,up
C1orf115,-2.622375336,1.99E-06,down
TM9SF4,2.621556441,6.56E-23,up
HMGCR,2.620910909,2.27E-19,up
RFC3,2.620699343,1.11E-07,up
SDR16C5,2.619698399,0.003868662,up
PSRC1,2.619599259,2.97E-07,up
KIFC2,2.619290559,1.56E-07,up
GAS7,-2.618596168,8.83E-08,down
ST8SIA6-AS1,2.618106077,0.003374047,up
NCAPG,2.61732235,5.80E-07,up
EGFLAM,-2.616747014,5.89E-12,down
KRIT1,2.615996629,3.99E-20,up
DBF4,2.614732217,8.72E-12,up
MRPS30,2.614506895,1.36E-09,up
,-2.614389699,3.95E-06,down
GLIDR,-2.613826979,2.88E-11,down
HOTAIR,2.613484245,0.000234923,up
MUC1,2.612781392,0.000777391,up
ARPC5L,2.612605217,3.85E-25,up
HSPA4,2.612055308,6.71E-10,up
ROBO3,-2.611915203,2.66E-40,down
PALMD,-2.611891434,5.51E-08,down
IGLJ3,2.609990769,0.000731273,up
CDK12,2.609113993,5.96E-08,up
SAP30,2.608167888,2.16E-12,up
PTPRS,-2.608059825,2.09E-18,down
BRI3BP,2.608051699,7.23E-21,up
TLE1,2.607950839,2.21E-05,up
SEMA5A,-2.606522476,8.76E-07,down
CRK,2.60606728,2.81E-20,up
,-2.605598622,3.49E-11,down
ZNF814,2.603741049,1.41E-09,up
CLDN7,2.602429629,3.98E-11,up
RFC5,2.602350979,1.33E-08,up
TBCC,2.602180615,1.34E-26,up
GDPD5,-2.602076937,2.10E-14,down
C6orf62,2.601743357,8.72E-19,up
CENPK,2.601381147,1.70E-10,up
CDC42,2.601335315,7.67E-26,up
GGH,2.600712615,2.74E-06,up
IFT80,2.598482469,9.74E-09,up
CDH1,2.598350106,3.08E-06,up
GTF2H1,2.597797406,2.57E-19,up
ZCCHC2,2.595010524,3.71E-09,up
PPP4R2,2.594918077,5.14E-27,up
RNASEH2A,2.592845098,2.29E-11,up
MREG,2.592425678,1.56E-12,up
SLC30A5,2.591799748,8.65E-24,up
SURF4,2.591593888,2.80E-19,up
DNAJB6,2.591457951,3.55E-19,up
AGAP1,2.591248357,2.67E-14,up
CDC7,2.591155035,2.12E-07,up
ACTG1P4,-2.59017507,1.47E-07,down
BPNT1,2.589773846,1.85E-20,up
LAGE3,2.589731503,6.00E-14,up
MED17,2.589169483,3.60E-22,up
MIR100HG,-2.589153916,9.41E-07,down
MARCKS,2.588787343,1.58E-12,up
CDCA7,2.588754951,0.003241869,up
OCIAD1,2.588599951,4.81E-17,up
PDE9A,-2.588199888,4.77E-08,down
PRIMA1,-2.58784893,5.42E-10,down
NAMPT,2.586529552,3.65E-07,up
,-2.586337839,1.17E-11,down
INTS7,2.586246706,1.18E-20,up
,2.585463951,0.000129915,up
OSBPL11,2.585459049,5.34E-24,up
MIR29B2,-2.584631811,0.000114726,down
TMEM50B,2.58376042,3.08E-21,up
SLAMF8,2.583342434,1.04E-05,up
SGK494,2.581547434,3.49E-10,up
,-2.581468273,2.71E-10,down
BCL6,-2.581392671,5.39E-14,down
ZDHHC9,2.58074135,1.67E-21,up
DLAT,2.578778189,1.93E-18,up
PMS2L2,2.57870814,2.28E-20,up
TNKS2,2.576190853,4.00E-14,up
NUTF2,2.575434476,5.42E-19,up
GPSM2,2.574179622,1.96E-11,up
GPM6B,-2.570707308,3.34E-06,down
BBOX1,-2.570190727,0.000904257,down
SPX,-2.569527874,2.79E-11,down
OLFM4,-2.568793399,5.95E-05,down
SNAP23,2.568590308,7.15E-10,up
SORBS2,-2.567813734,0.000371155,down
CAPRIN1,2.56779107,7.89E-18,up
MED6,2.56648893,1.85E-20,up
TENM2,-2.565358049,8.38E-10,down
RAB31,2.565301993,3.71E-11,up
TRAC,2.565067245,1.73E-06,up
AZIN1,2.564632517,1.20E-20,up
LINC00993,-2.564489046,0.049725081,down
GNG11,-2.564218965,5.64E-14,down
ITPR3,2.562864119,8.95E-18,up
BOLA2,2.562066084,9.48E-22,up
NR3C2,-2.561565007,1.40E-11,down
CDK5,2.560863993,5.56E-17,up
CCM2L,-2.559488734,1.68E-12,down
,2.555994748,3.24E-09,up
KIF15,2.555900238,1.27E-05,up
FOXC1,-2.555897797,0.006489105,down
MCM10,2.554464678,8.86E-05,up
IDH2,2.552557755,5.83E-15,up
,2.552119944,2.81E-17,up
LOC401052,-2.551214797,1.81E-14,down
RPS6KB1,2.551117217,1.81E-08,up
CLEC7A,2.550818944,6.63E-06,up
COL1A2,2.550727217,6.24E-12,up
FOS,2.550688182,0.000776761,up
HMOX1,2.550360587,8.08E-09,up
DIEXF,2.549904385,4.06E-16,up
TTPAL,2.548356119,1.95E-19,up
SH3BGRL2,-2.547623434,2.19E-08,down
C1orf131,2.545323077,1.13E-23,up
CUL2,2.545143077,1.91E-25,up
TPT1-AS1,-2.544981909,1.33E-14,down
RAD51-AS1,-2.544748692,7.93E-18,down
NEU1,2.544469622,7.30E-17,up
HEATR1,2.544059734,1.15E-17,up
S100A14,2.54399986,9.32E-06,up
FBXO5,2.543715,3.10E-11,up
,-2.54235086,3.50E-40,down
MAL2,2.541948126,1.55E-10,up
TBC1D7,2.540932322,1.51E-14,up
LTBP4,-2.540752622,3.39E-25,down
TM2D1,2.539117427,7.07E-18,up
NCBP2,2.53844893,1.88E-17,up
FZD4,-2.538137594,4.82E-13,down
,2.53787249,2.08E-12,up
WDR86,-2.537101014,2.71E-32,down
,2.536209042,1.58E-17,up
FARSA,2.533514559,9.89E-19,up
GNAI1,-2.533421552,5.23E-08,down
PRUNE,2.533296273,2.75E-11,up
,-2.533123413,5.12E-25,down
SORD,2.532747336,4.11E-09,up
CTDSPL2,2.53202158,6.60E-18,up
PBX1,2.530676308,5.89E-09,up
SMIM14,2.530183434,2.23E-06,up
LOC101929886,-2.530151776,6.47E-10,down
NUP210,2.529344503,3.06E-13,up
LOC101930112,2.529109951,1.66E-19,up
FLAD1,2.528948287,6.78E-16,up
UBE2W,2.528381364,4.14E-19,up
ERBB4,-2.528254224,0.008816647,down
PROS1,-2.528032573,1.41E-10,down
PIGF,2.52796986,1.47E-19,up
FAM118B,2.527560336,4.68E-17,up
,2.527356343,6.04E-14,up
HNRNPDL,2.52565086,2.82E-24,up
PRMT3,2.524743566,8.34E-17,up
CDC45,2.524733084,1.45E-06,up
DESI1,2.520866874,8.91E-10,up
FOSL2,2.520846608,1.75E-14,up
SHE,-2.519231559,5.28E-15,down
MGAT2,2.519157902,3.49E-24,up
CBX3,2.518213336,1.50E-10,up
PPAT,2.516865734,1.01E-11,up
,-2.516731699,5.08E-31,down
MUSTN1,-2.516705,5.97E-18,down
CST1,2.516516287,0.002555903,up
SLBP,2.514146217,6.70E-19,up
CNPY3,2.512422531,2.01E-26,up
KIAA1279,2.510757594,9.35E-18,up
STAT1,2.510550916,1.08E-06,up
SLPI,-2.510041762,0.006804413,down
TAF11,2.509595329,3.30E-24,up
LOXL4,-2.508856951,3.16E-06,down
LOC101927870,-2.508339608,1.70E-18,down
PLEK,2.507849392,1.71E-07,up
MRPL50,2.507729671,3.57E-19,up
FBXO7,2.507417462,1.12E-20,up
NAV3,-2.506744832,1.11E-05,down
RAB18,2.506248322,1.17E-23,up
PTGDS,-2.50593151,9.08E-08,down
MPV17,2.50578407,4.58E-19,up
TMEM194A,2.504841594,1.73E-18,up
LAD1,2.504633098,2.07E-05,up
ZNF662,-2.504402874,1.30E-09,down
POU6F1,-2.503952643,6.66E-36,down
NPL,2.503836937,3.87E-07,up
ARF6,2.503173469,5.69E-17,up
,-2.502953629,5.82E-39,down
SMCHD1,2.502301587,4.49E-15,up
ARHGDIA,2.501822713,2.20E-12,up
LHX6,-2.501559245,4.09E-15,down
NSUN4,2.501231014,2.29E-17,up
GNG7,-2.500119007,1.68E-16,down
TAF12,2.499007699,1.38E-25,up
PLA2G16,-2.497965531,2.14E-05,down
DPCD,2.497581266,3.29E-15,up
PCDH19,-2.497487273,2.84E-11,down
TMEM185B,2.496118888,1.26E-15,up
IGF2,-2.492980951,0.001082654,down
RGS4,2.49264628,0.000115465,up
SLC28A3,-2.491456462,0.000538145,down
ATF1,2.491248839,8.92E-18,up
KCNK1,2.491179769,1.25E-05,up
PEA15,2.490781643,4.61E-20,up
RGS16,2.489926434,8.24E-09,up
RBM8A,2.488514301,1.39E-23,up
GOLM1,2.487988322,3.80E-10,up
UQCRC2,2.483777979,1.49E-14,up
PRRC2C,2.481586741,4.81E-20,up
SSX2IP,2.479602937,3.71E-12,up
MOB3B,-2.477544203,1.59E-06,down
AP1M2,2.476546993,4.70E-08,up
FKBP5,2.475500706,2.11E-05,up
EBP,2.475090077,2.14E-14,up
PAXIP1,2.47503058,1.25E-18,up
DPY30,2.474977888,3.74E-21,up
,2.473032846,7.95E-16,up
HEY1,-2.472897839,6.31E-11,down
MRPL4,2.472877937,3.46E-14,up
CXCL12,-2.472428042,5.31E-07,down
SNX2,2.471489741,3.06E-17,up
,-2.470943615,3.24E-11,down
MS4A6A,2.469299601,1.09E-07,up
SLC6A14,-2.469299028,0.003369322,down
APPBP2,2.46882421,4.81E-10,up
NUP153,2.468001748,1.38E-19,up
SNX4,2.467407923,1.68E-23,up
RPS6KC1,2.465326713,1.07E-19,up
PPP4C,2.465326706,4.87E-31,up
NFIX,-2.465172434,2.37E-14,down
IGKV1-17,2.464948797,0.00374164,up
PPID,2.46465351,2.81E-22,up
LAMB2,-2.46398465,1.46E-07,down
MICB,2.463258399,9.14E-08,up
TLE3,2.462758601,2.27E-19,up
PGM2L1,2.462207462,2.91E-07,up
CORO1C,2.461824622,1.64E-14,up
EVA1C,-2.461170483,4.59E-07,down
LEO1,2.461092056,2.90E-13,up
SEL1L,2.460912413,8.95E-12,up
CSNK1D,2.460216601,5.24E-18,up
SCP2,2.459914385,2.71E-20,up
TOR1A,2.459839063,9.89E-29,up
FKBP14,2.457704608,5.35E-16,up
TGIF1,2.457373119,2.75E-09,up
IQGAP3,2.456429483,6.00E-07,up
SMYD3,2.455601902,1.19E-10,up
CDS1,2.455351105,1.33E-15,up
TOR3A,2.455298748,5.16E-21,up
TIMM23B,2.455258238,1.31E-15,up
,-2.455032392,3.26E-13,down
NFYC,2.454521797,9.11E-19,up
DCN,-2.454211364,4.80E-06,down
PCDH18,-2.454179839,3.79E-06,down
DNAJB9,2.453400972,1.14E-18,up
HSPA1A,2.45324958,1.19E-14,up
TRA2A,2.453230427,1.82E-14,up
CLINT1,2.452634497,5.32E-21,up
PRMT6,2.451461147,6.64E-13,up
ARMCX5-GPRASP2,-2.451254301,3.00E-10,down
CORO2A,2.450772364,1.05E-08,up
AP3M1,2.449640406,3.64E-17,up
ARMC10,2.448990049,1.61E-22,up
RBM12B,2.448677224,7.49E-19,up
ANKRD16,2.448136895,1.90E-09,up
PAPOLA,2.448089643,2.35E-12,up
LARP1,2.44756,1.53E-21,up
PRCC,2.447222895,1.63E-24,up
ZUFSP,2.446484441,2.36E-14,up
FBXL6,2.446434678,1.65E-08,up
PTPRF,2.446418427,4.45E-12,up
PRPF38A,2.446204,1.20E-14,up
SMS,2.445854944,4.13E-19,up
XPO5,2.445777846,1.53E-15,up
GRB2,2.445143762,1.27E-18,up
ERGIC1,2.445059706,2.79E-10,up
WRAP73,2.444996692,2.83E-19,up
PSMD11,2.444967189,9.88E-14,up
GPR137B,2.443395608,4.73E-16,up
CSRNP3,-2.443373413,2.40E-10,down
SMAP1,2.443079888,8.11E-21,up
ZNF322,2.443033972,1.25E-22,up
N4BP1,2.441892175,4.37E-18,up
ZMYM2,2.440815266,4.28E-14,up
HNRNPU,2.440409615,3.17E-13,up
API5,2.439433266,3.28E-16,up
PSIP1,2.43884221,4.55E-08,up
PRR15,2.438544189,0.001134367,up
COL5A1,2.438221524,7.63E-07,up
GHITM,2.437601252,4.18E-21,up
ARFIP1,2.437121958,3.40E-09,up
MAX,2.436655804,1.52E-11,up
ZNF667,-2.436556343,6.09E-08,down
NFIA,-2.435924357,1.44E-06,down
FYB,2.435185462,1.16E-07,up
SHCBP1,2.43443021,6.75E-07,up
MEIS2,-2.434209224,6.42E-07,down
C8orf88,-2.432328448,2.45E-13,down
ANXA4,2.43222786,7.13E-21,up
SLC39A7,2.431478517,6.19E-15,up
COL4A2,2.431229762,7.40E-09,up
ABI3BP,-2.431157769,0.000784989,down
KIAA1244,2.430278545,0.000105654,up
ITGB6,2.430098119,0.001702405,up
CDC42EP5,-2.429815189,4.51E-07,down
MDK,2.429010224,1.24E-09,up
AGA,2.428645364,1.04E-08,up
ACOX1,2.428635357,2.53E-12,up
,-2.428357119,3.16E-07,down
,2.428352462,9.32E-05,up
MGAT4B,2.426593238,8.27E-16,up
CWF19L2,-2.426411524,3.25E-33,down
RBM22,2.425716105,8.58E-21,up
UBE2A,2.425213573,7.28E-23,up
CD44,2.424825594,1.79E-11,up
TRBC1,2.424017727,0.000151304,up
PTPN3,2.423869007,3.12E-17,up
MCM2,2.423753517,3.55E-09,up
MFGE8,-2.422915944,6.61E-09,down
P4HA1,2.421946056,2.00E-11,up
AGTR1,-2.421646888,0.001514129,down
RNF146,2.420242203,6.87E-12,up
GNG2,-2.420038545,1.46E-08,down
DHX9,2.419545182,6.56E-14,up
NOSTRIN,-2.419352091,0.000427231,down
GALNT2,2.418779986,8.80E-18,up
RSPRY1,2.418401469,1.42E-20,up
CHML,2.418242727,2.72E-08,up
RP11-196G18.24,2.417942804,3.46E-12,up
ARFRP1,2.41687535,8.05E-24,up
URI1,2.416740084,7.82E-19,up
PRICKLE2,-2.415620147,5.83E-06,down
GPR89A,2.414742343,1.10E-19,up
TDO2,2.414625014,0.000457307,up
C7,-2.414178091,1.15E-06,down
PGP,2.41410642,2.24E-16,up
ETV5,-2.413947084,1.16E-10,down
CPLX1,-2.412693357,1.42E-05,down
ARHGEF15,-2.412689629,5.85E-48,down
TBC1D31,2.412665252,3.88E-08,up
C1orf56,2.412614923,1.44E-12,up
SAYSD1,2.412073755,1.98E-13,up
RNASEH1,2.411936175,3.02E-18,up
ARHGEF28,-2.411440224,1.11E-20,down
COL6A1,2.410549636,4.79E-09,up
NCF2,2.410419,2.76E-07,up
COL3A1,2.406467126,2.15E-09,up
PBDC1,2.406198182,2.95E-18,up
TMPO,2.404958217,2.08E-07,up
FRK,2.404763266,1.29E-05,up
CNRIP1,-2.404632441,2.15E-08,down
DHCR7,2.404469706,9.49E-08,up
LOC101929087,2.40414951,8.81E-21,up
GLRX,2.403846552,1.71E-11,up
EXOSC3,2.401165357,9.64E-16,up
CBX4,2.400708531,3.31E-12,up
PPAPDC1B,2.400158427,2.09E-09,up
ZCCHC10,2.400120517,4.39E-11,up
KIF18B,2.398189867,1.27E-06,up
KLHDC7B,2.398156636,0.009445289,up
H19,-2.397807727,0.000721803,down
SIPA1L2,2.397560552,4.14E-08,up
SNX13,2.397313972,5.12E-24,up
PEG3,-2.396656287,0.011191221,down
FLJ38379,2.396509196,0.004144796,up
CBX5,2.395947524,6.62E-11,up
PEX3,2.394863573,4.61E-14,up
,-2.394366175,4.41E-22,down
TPSAB1,2.394357748,0.00384676,up
UCP2,2.393906937,7.78E-09,up
SPIRE1,2.393581734,9.36E-12,up
GPR124,-2.393515832,2.48E-22,down
,2.393467895,9.92E-16,up
FAM175B,2.392982035,2.49E-19,up
GMDS,2.392595643,1.68E-09,up
ILF2,2.392351881,2.39E-15,up
,2.391912392,2.13E-08,up
AQP7,-2.391546727,3.39E-27,down
,2.391480986,2.07E-11,up
ATP8B1,2.390242203,2.45E-07,up
CNOT3,2.388732727,2.14E-19,up
PSMB7,2.388707497,1.45E-20,up
TIMELESS,2.388558783,3.81E-14,up
UBE4B,2.38818372,6.99E-14,up
PAPD4,2.387361853,1.08E-14,up
CMPK2,2.386888559,1.17E-05,up
RNF14,2.386705538,4.94E-18,up
MYCBP2,2.385781378,9.01E-14,up
MYO1B,2.384297902,5.95E-12,up
EBLN3,2.384147252,4.86E-19,up
PKDCC,-2.384047664,1.72E-10,down
AF070581,-2.383781441,4.63E-10,down
MAOB,-2.383149769,0.004715566,down
,-2.381927217,0.003294377,down
PGGT1B,2.381753469,7.59E-16,up
RMI2,2.380910147,6.82E-07,up
C12orf29,2.380315462,3.26E-11,up
PCSK5,-2.379878028,4.04E-07,down
RCN2,2.379070895,2.39E-19,up
CERS2,2.378837965,7.52E-18,up
CXorf40B,2.377253671,4.10E-15,up
MAP2,-2.376938832,0.000236554,down
,-2.376875853,4.65E-39,down
ACBD3,2.376405972,9.39E-14,up
EFR3A,2.376404105,3.02E-21,up
GLUD2,2.374684105,1.12E-10,up
CAND1,2.373968951,3.30E-19,up
ACTR3,2.372786573,1.74E-27,up
RET,2.372770804,0.00758375,up
LEPROTL1,2.370379643,1.09E-18,up
SLC39A4,2.370062315,1.12E-06,up
ARRB1,-2.369701091,7.80E-11,down
PNPT1,2.368434986,5.04E-18,up
ARPP19,2.367846972,8.81E-19,up
ISG15,2.366929692,7.15E-06,up
PPP5C,2.366487545,4.83E-26,up
GAS2L3,2.366219636,1.50E-09,up
STX6,2.365976888,7.70E-20,up
ACVRL1,-2.365760189,3.42E-15,down
WDFY3,2.36521549,1.98E-13,up
PPM1A,2.362859734,8.48E-17,up
TRNT1,2.362223972,4.58E-18,up
SNX21,-2.360871098,1.71E-11,down
CEMIP,2.360531713,0.00010286,up
ARID5A,-2.359294371,4.04E-23,down
DEDD,2.358356434,2.90E-10,up
STAM,2.357940797,7.03E-25,up
AK2,2.357323182,1.01E-16,up
ICAM1,2.357305273,2.92E-06,up
SLC13A2,-2.356536028,1.90E-14,down
LIG4,2.356465147,1.82E-16,up
UBE2L3,2.35490365,1.67E-21,up
RB1CC1,2.354894287,4.99E-18,up
DDX59,2.354622734,5.28E-20,up
CTIF,-2.354367035,1.98E-12,down
NRIP1,2.354171531,2.09E-09,up
IRF2BP2,2.353829601,1.63E-21,up
SVIP,2.353439846,3.36E-08,up
NEK6,2.35144086,6.62E-16,up
SOX4,2.351029091,5.88E-19,up
NID2,2.350909182,8.25E-08,up
RSBN1,2.350571755,3.20E-17,up
CRIM1,-2.349780217,1.53E-12,down
NATD1,-2.348972986,1.45E-12,down
E2F8,2.348727406,9.69E-06,up
TRIQK,2.348023951,6.69E-08,up
ZNF471,-2.347570755,6.94E-15,down
PPM1F,-2.347528783,2.52E-19,down
PDLIM3,-2.347476545,6.99E-05,down
GSTM2,-2.347246371,6.30E-07,down
MTURN,-2.346485196,2.78E-08,down
GLRX3,2.34648314,2.35E-18,up
MRPS10,2.34604765,5.22E-20,up
MCMBP,2.345960867,1.86E-21,up
SFPQ,2.345504007,1.12E-32,up
DYNC1H1,2.345008594,1.22E-14,up
,2.34485949,1.58E-08,up
PECAM1,-2.344550944,5.46E-15,down
CREBZF,2.343952895,1.57E-20,up
IGLC1,2.343768434,0.020326175,up
NAA25,2.342879497,5.48E-19,up
EGFL7,-2.341203112,5.50E-13,down
MMP12,2.340660497,0.011267571,up
TXLNG,2.340483406,2.11E-12,up
BCL2,-2.339635944,0.001347827,down
PMP22,-2.339605182,9.58E-06,down
PTGR1,2.339290469,7.71E-09,up
TNFSF12-TNFSF13,2.339098699,7.60E-10,up
ZMYM6,2.338160434,4.64E-14,up
,-2.338024706,1.50E-16,down
NUCB1,2.33767149,2.97E-17,up
CMTM6,2.337352629,2.32E-15,up
ERBB2IP,2.337216371,5.50E-23,up
SPIN1,2.33510014,5.39E-21,up
IDE,2.334771371,2.11E-11,up
SLC29A1,2.334476098,9.98E-07,up
DNAJA4,2.333038965,3.94E-11,up
PRPS2,2.332652657,5.07E-11,up
IGHG1,2.332495937,0.000904742,up
5-Mar,2.331161056,1.40E-18,up
,2.331111154,7.37E-13,up
GGTA1P,-2.329741517,4.69E-08,down
IFI44,2.329017986,8.87E-05,up
ASCC3,2.328595077,2.08E-16,up
SLC16A1,2.328206455,0.000272638,up
MR1,2.327961308,1.03E-12,up
HSPA13,2.327458455,6.31E-14,up
YME1L1,2.32501393,4.81E-13,up
MRAS,-2.324404685,1.13E-08,down
DCAF13,2.324233007,1.13E-14,up
ANKRD17,2.323301217,7.10E-22,up
MAGI2-AS3,-2.321866685,3.44E-29,down
LMNB1,2.321364622,3.40E-08,up
IER5L,2.320800965,4.59E-11,up
KIAA1683,-2.320782818,4.16E-17,down
GBP5,2.320613979,0.000293869,up
,-2.32056979,2.11E-27,down
KIAA1456,-2.320299993,1.28E-15,down
CP,2.320198497,0.034171207,up
SH3KBP1,-2.319945762,1.91E-10,down
ADAM19,2.319715343,3.77E-09,up
MRPL3,2.319605266,4.46E-24,up
DKC1,2.319222755,5.46E-14,up
VRK2,2.318728077,1.58E-14,up
CSTF1,2.318607657,4.22E-18,up
GSE1,2.318575797,2.04E-11,up
GEMIN7,2.318539699,1.73E-19,up
MSANTD3,2.317894217,5.16E-12,up
RAB11FIP1,2.317817986,3.10E-07,up
PDE3B,-2.31746842,7.98E-15,down
CSRNP2,2.316336357,3.75E-16,up
LINS,2.316250203,7.17E-19,up
PSPC1,2.315760727,6.07E-08,up
SMARCA5,2.314987084,9.42E-24,up
TMEM216,2.314518545,6.46E-16,up
UBE2Z,2.314326503,5.29E-14,up
IGK,2.314236497,0.008812369,up
SRSF7,2.313872063,4.32E-15,up
TBCE,2.313618594,3.66E-18,up
LUC7L,2.313455734,4.54E-19,up
LCP2,2.312063385,6.86E-09,up
SF3A2,-2.311838413,2.85E-13,down
NLK,2.31118165,1.11E-09,up
CFH,-2.311041769,2.06E-07,down
TFAM,2.310987357,2.35E-15,up
PEX13,2.310701615,2.34E-24,up
EXPH5,2.309724217,2.97E-07,up
ISG20L2,2.30818042,7.32E-23,up
TMC5,2.307417839,0.001788637,up
,2.305537021,2.67E-14,up
DNASE2,2.305000203,3.13E-19,up
FAM162B,-2.304997021,1.30E-20,down
FUNDC2,-2.304537993,6.12E-47,down
RIPK1,2.304457448,6.69E-17,up
HELLS,2.304321469,9.87E-07,up
CENPL,2.304236322,6.34E-06,up
IQGAP1,2.304060308,2.36E-09,up
CD163,2.304057783,0.000100267,up
TROAP,2.303406077,5.72E-10,up
,2.303357224,4.98E-09,up
DNM1L,2.302746245,4.34E-19,up
LOC100507577,2.30242065,5.79E-14,up
PSMC3,2.301307615,3.23E-23,up
ATP6V0B,2.301264014,1.96E-21,up
PRR14,2.301023308,1.37E-15,up
,-2.300978112,1.43E-07,down
ADAMTS2,2.300050049,9.93E-07,up
ADSS,2.299817049,3.66E-23,up
ATM,2.298285748,5.74E-09,up
GTF2H2,2.297980238,8.97E-10,up
SCO1,2.297688413,8.03E-17,up
ITCH,2.29745179,8.37E-17,up
ZNF217,2.296640944,4.06E-17,up
9-Sep,2.296503231,3.12E-09,up
AGPAT9,-2.295832028,2.09E-07,down
PDP1,2.294095196,4.15E-07,up
LOC286437,-2.293697713,2.34E-20,down
TFDP1,2.293504818,5.20E-13,up
ARMC1,2.292788566,1.66E-17,up
NMT2,-2.292741385,1.28E-07,down
,2.29259328,3.14E-07,up
WDR48,2.292380336,6.21E-16,up
TUBGCP4,2.291326846,5.03E-16,up
NAT8L,-2.291126357,1.39E-24,down
HLTF,2.290518007,5.82E-17,up
LURAP1L,2.288973768,0.000192665,up
ZFYVE21,2.287845448,5.42E-10,up
AKTIP,2.287644517,3.11E-16,up
GLDN,-2.286955895,4.49E-09,down
LAMP3,2.286210986,0.003224401,up
RUNX1-IT1,2.28597107,4.01E-10,up
HSPE1-MOB4,2.285696007,7.69E-25,up
HIPK2,2.28460035,1.84E-06,up
ATL3,2.283896622,3.35E-10,up
PITX1,2.283648371,8.32E-06,up
EMP1,-2.282472573,1.87E-11,down
COQ4,2.281088434,1.79E-09,up
MYBL1,2.280162168,0.002946015,up
INTS6,2.280009811,9.70E-20,up
,-2.279862084,0.00104824,down
UBR7,2.279592252,5.20E-14,up
MIR7110,2.27930551,2.68E-15,up
,2.279090252,3.10E-15,up
PARD6B,2.278540608,5.80E-06,up
SAMD12,2.276593042,3.32E-06,up
DDIT4,2.27571407,2.71E-07,up
MED8,2.275638664,4.86E-19,up
CBX7,-2.274078636,5.04E-12,down
FASTKD5,2.27296151,6.37E-18,up
RNASE4,-2.27234172,9.79E-07,down
TSTA3,2.27205728,3.39E-13,up
SDAD1,2.271268014,1.40E-17,up
FAM13A-AS1,-2.270857944,2.64E-11,down
RAB2A,2.270839916,2.19E-19,up
CDK7,2.270675308,2.44E-17,up
MAGT1,2.269557119,9.99E-22,up
MTMR4,2.267755259,6.59E-14,up
,-2.267624979,1.63E-18,down
TMED8,2.266841126,2.35E-19,up
RAP1A,-2.266827713,1.98E-21,down
FMOD,-2.266593853,2.82E-05,down
RDH10,2.265597049,0.00141455,up
ERGIC2,2.265230692,3.42E-20,up
PSMG1,2.264802566,1.14E-09,up
NUDT4,2.264648741,7.27E-13,up
MCAM,-2.264574916,2.80E-13,down
NBR1,2.264311951,4.22E-13,up
TENC1,-2.264077846,1.75E-07,down
RELA,2.264058357,1.69E-20,up
VPS72,2.263653105,6.66E-15,up
SNORA29,2.263626622,3.01E-09,up
ATP6V1G1,2.263568203,4.15E-21,up
FAM149A,-2.262225811,2.62E-09,down
WIPI1,2.262225559,2.55E-14,up
DUS4L,2.261799147,4.15E-14,up
TCF7L2,-2.261693895,5.57E-16,down
PSMD1,2.261515818,1.41E-27,up
NEDD4L,-2.261228629,4.03E-05,down
VANGL1,2.261225692,8.22E-11,up
PREX2,-2.260868231,2.78E-21,down
PDIA6,2.260015888,5.33E-17,up
MMP14,2.259884105,6.45E-08,up
CALM1,2.258889406,1.98E-12,up
RARS2,2.258287923,6.04E-20,up
PDE4B,2.256827608,0.000114349,up
MAML2,-2.255574685,3.32E-08,down
TMEM45A,2.255462238,6.72E-05,up
CA2,2.253764406,0.001049479,up
C4orf33,2.252732867,3.70E-08,up
FAM64A,2.252441559,5.39E-05,up
PLXDC2,2.252092014,1.10E-05,up
LINC00266-1,-2.251015196,3.95E-22,down
PROSER1,2.250907594,8.45E-15,up
LOC643733,-2.250760252,6.98E-15,down
ANGEL2,2.250747077,1.57E-12,up
GSTM1,-2.249405692,3.32E-07,down
CAV2,-2.249241811,4.10E-06,down
HNRNPH1,2.248565888,8.35E-09,up
MIS18BP1,2.248374399,7.54E-15,up
R3HDM4,2.247682238,1.16E-23,up
CPNE3,2.246954951,2.12E-11,up
,-2.24684079,3.85E-23,down
KIAA1377,-2.246716818,8.29E-07,down
,-2.245842552,4.44E-11,down
CD248,-2.245181657,7.03E-12,down
THSD7A,-2.245004839,1.27E-11,down
FKBP11,2.244655049,5.86E-17,up
ANGPT1,-2.244534147,2.97E-06,down
CDC27,2.244515685,2.84E-16,up
RAB3GAP1,2.244119224,1.93E-23,up
HNRNPAB,2.243802923,2.78E-24,up
TXNDC9,2.243368392,1.81E-22,up
,-2.242547713,4.68E-31,down
RBBP4,2.241410755,2.47E-20,up
TAF9B,2.241286175,1.00E-06,up
,-2.241139902,2.82E-06,down
STARD10,2.240290385,8.78E-06,up
TMEM237,-2.240074245,3.89E-08,down
AP1AR,2.240009531,5.95E-15,up
,-2.239548063,2.66E-18,down
IRX5,2.239125895,8.16E-08,up
SMAD4,2.238343301,5.16E-16,up
CDS2,2.238099517,8.35E-15,up
ZBTB38,2.237411713,2.27E-15,up
MAPKAPK5,2.237324392,8.98E-24,up
,2.236449958,2.25E-08,up
PROL1,-2.235908014,3.93E-08,down
KLF6,2.235403916,1.36E-10,up
RAD23B,2.235034434,2.62E-10,up
EXOC5,2.234982343,5.50E-24,up
PLSCR4,-2.234973713,1.24E-06,down
CXorf36,-2.234641238,4.41E-19,down
KCNN4,-2.233916413,0.000658483,down
PTRF,-2.233787,1.91E-12,down
PGM3,2.231833552,4.40E-15,up
MYEOV,-2.23119221,1.81E-08,down
LRRC75A-AS1,-2.230343441,7.10E-13,down
APPL2,2.230108287,6.37E-08,up
SKIL,2.229529063,5.25E-22,up
GJA9,2.228789713,6.56E-18,up
TIE1,-2.228065643,2.86E-08,down
ITSN1,-2.227894692,1.45E-14,down
PSD3,2.227687483,0.002138145,up
MED1,2.227117357,4.26E-05,up
CYP4Z2P,2.226319161,0.014377678,up
SPPL2A,2.225205315,9.28E-17,up
FAR2,2.224557035,0.000937667,up
SLC27A1,-2.22450758,3.54E-14,down
6-Mar,2.223003965,6.31E-16,up
AP1S2,2.222106671,5.35E-10,up
DCBLD1,2.221222755,1.08E-08,up
,2.220962769,3.70E-09,up
,-2.220176643,1.44E-13,down
CCL8,2.21965979,0.000413637,up
KNSTRN,2.219647902,4.75E-09,up
,2.219387629,1.82E-15,up
HIST1H1C,2.219260245,5.56E-05,up
LOC100505874,-2.218779049,9.92E-06,down
PCNX,-2.218247986,1.14E-16,down
DCHS1,-2.218169636,5.67E-08,down
TUBB2A,2.218003965,1.88E-14,up
SMIM7,2.217827049,5.08E-18,up
TEAD4,2.217783378,3.97E-06,up
SGOL2,2.214258441,3.78E-07,up
KCTD3,2.213909357,3.93E-12,up
ZNF677,-2.213011028,1.24E-06,down
IPO5,2.212394231,7.23E-14,up
6-Sep,2.212134441,6.61E-10,up
EEF1A1,-2.209299413,3.88E-07,down
BRD2,2.208654713,2.52E-25,up
VIPR1,-2.208347734,1.75E-08,down
PIK3R3,2.208262993,1.15E-09,up
DSEL,-2.208137154,1.79E-08,down
C1orf106,2.208047,0.002617381,up
LSM10,2.207998042,6.56E-19,up
NFATC3,2.207962329,4.59E-15,up
AKAP1,2.207941916,1.52E-08,up
ADAM9,2.207772154,6.55E-05,up
MIS18A,2.207528224,8.99E-12,up
NAV2,-2.206542958,2.75E-05,down
SLC35E1,2.205707084,1.33E-21,up
RRBP1,2.205010063,3.20E-16,up
ZEB2,-2.204101091,1.64E-11,down
SLC35A3,2.20353107,4.21E-13,up
MRPL15,2.202716364,1.22E-12,up
ICAM2,-2.20227172,2.37E-09,down
CTB-167B5.2,-2.202023238,2.30E-06,down
,-2.20198072,3.01E-06,down
AP5M1,2.201847825,8.05E-18,up
MRPL38,2.201290566,8.43E-14,up
ZNF706,2.201267727,1.15E-16,up
PDLIM4,-2.201139713,1.29E-05,down
TPRKB,2.200733434,2.61E-19,up
BID,2.199995455,1.32E-06,up
TLN2,-2.199615161,6.02E-15,down
TMCO1,2.199457587,1.15E-26,up
ENOPH1,2.199288839,2.06E-21,up
LARP6,-2.19894658,1.47E-10,down
CTBP1,2.195912979,2.28E-12,up
FAM13A,-2.195428657,7.56E-11,down
GSTCD,2.193636601,4.35E-12,up
MAP3K13,2.193630629,1.73E-10,up
REEP1,2.19347335,0.003449724,up
CLSTN2,-2.191463007,0.033639215,down
S100A11P1,2.191435993,6.16E-18,up
NAIP,2.190170378,3.29E-05,up
PTP4A2,2.188729301,1.16E-16,up
DAB2,2.188650098,4.23E-09,up
RUSC1-AS1,2.188246308,1.46E-10,up
NONO,2.188206259,1.01E-21,up
SRSF4,2.188077497,1.37E-09,up
CASZ1,2.187466986,2.00E-06,up
IDO1,2.18712,0.014619465,up
MIR6716,-2.186465336,2.22E-21,down
IDH3A,2.185763287,7.30E-14,up
CELSR1,2.184832308,0.000267745,up
,-2.18459386,2.73E-32,down
RMDN1,2.184473308,2.17E-16,up
SPDYE1,-2.183532608,7.49E-29,down
TM9SF1,2.182953021,1.22E-17,up
LOC440354,2.182574951,3.04E-11,up
MS4A4A,2.182285469,6.46E-05,up
MST1,-2.182200566,3.12E-07,down
PVRL4,2.181789147,2.02E-06,up
CTBP1-AS2,-2.181784909,8.52E-28,down
FAM3B,-2.181649483,0.013819751,down
LLGL2,2.180890161,9.50E-09,up
ELMOD2,2.180793497,6.99E-08,up
OPN3,2.180652427,2.01E-07,up
MPZL1,2.180343615,3.19E-08,up
PDK3,2.180111986,5.37E-06,up
LSM2,2.180013,8.57E-15,up
ATRX,2.179417762,1.56E-18,up
DPY19L2P2,-2.178463455,7.97E-17,down
SMAD7,2.178208441,7.00E-13,up
LIMS1,2.177968203,2.64E-14,up
PLLP,-2.17746142,2.63E-07,down
PEG10,2.176926979,0.009526862,up
GSN,-2.17658379,3.75E-20,down
,2.176400441,6.28E-17,up
RPL17,2.174945483,9.84E-16,up
IRS2,-2.174671385,1.83E-06,down
ADNP,2.173644462,2.30E-25,up
SENP3,2.173572203,6.58E-14,up
CBWD1,2.173474329,4.82E-21,up
RMND1,2.172365587,1.23E-06,up
ANKRD12,2.171807986,1.85E-13,up
NSFL1C,2.171622748,8.69E-16,up
PLAGL1,-2.171327287,3.70E-07,down
ALDH1L1,-2.17031572,3.83E-49,down
DERL1,2.170082112,1.06E-19,up
CPA3,2.169896035,0.012278785,up
JAM3,-2.169405455,3.50E-08,down
FNIP1,2.168142021,2.06E-08,up
PTPRB,-2.167892105,2.82E-06,down
ZBTB20,-2.167264441,7.50E-08,down
MTX2,2.167236741,3.36E-21,up
SRSF6,2.166856622,7.53E-06,up
SEL1L3,2.166483343,0.00020048,up
CACYBP,2.165993587,2.78E-15,up
RARA,-2.165944531,5.72E-15,down
PREP,2.164604755,5.88E-16,up
QKI,2.163724636,5.76E-10,up
DNA2,2.163155119,5.94E-08,up
,2.162209154,1.63E-08,up
RYBP,2.161867014,4.34E-20,up
FLJ31306,2.161318175,1.85E-10,up
TOP1,2.160946154,1.67E-12,up
RYK,2.160124951,3.44E-13,up
ZNF398,2.158778049,1.49E-16,up
TMEM183A,2.157530077,1.02E-24,up
C10orf128,-2.15716272,7.74E-08,down
,-2.157033622,1.45E-05,down
CAPZB,2.156630573,6.11E-29,up
SEC24D,2.156549531,6.24E-13,up
LPXN,2.156270084,7.29E-07,up
NUMA1,2.155900189,4.61E-10,up
GZMB,2.155860189,0.005014432,up
YBX1,2.155400643,9.44E-12,up
PALLD,2.154598021,6.96E-08,up
AMMECR1,2.154321203,3.75E-10,up
,2.154320035,8.78E-14,up
SNX3,2.154110615,7.27E-15,up
STK38L,2.15367558,4.19E-10,up
HSD17B6,2.153600503,2.20E-08,up
ME3,-2.153287734,1.35E-06,down
IMPACT,2.153089021,2.36E-10,up
PNRC2,2.152732273,1.68E-11,up
STAC2,-2.152726811,2.22E-07,down
,2.152026378,1.10E-09,up
PDE6D,2.151772573,5.25E-23,up
RBM12,2.151519378,2.61E-32,up
TCF19,2.150619364,6.18E-06,up
KLF15,-2.150249839,1.42E-26,down
ELF4,2.15007293,6.97E-12,up
GART,2.149785608,1.03E-18,up
NME7,2.149406993,7.36E-05,up
MARCKSL1,2.149348154,1.68E-18,up
,-2.149228951,2.30E-40,down
MYO15B,-2.149118902,2.07E-06,down
GRHL1,2.149107909,2.30E-05,up
KLHL31,-2.148752028,1.49E-12,down
ENAH,2.148469357,1.57E-19,up
PP14571,2.147669105,0.006350444,up
EZH1,-2.147047825,4.63E-21,down
RASSF6,-2.146288671,2.38E-06,down
IPW,-2.146052867,5.37E-06,down
TFPI,-2.145574056,7.55E-06,down
GAS6,-2.145343168,4.73E-08,down
LUC7L3,2.145054573,2.85E-08,up
AK094644,-2.14336307,6.64E-20,down
IPO7,2.142621238,3.12E-22,up
CHEK1,2.142460881,5.54E-05,up
PRPF18,2.142179643,1.05E-17,up
USP10,2.141850741,6.68E-15,up
CDV3,2.140547476,7.83E-07,up
RECQL,2.140048364,5.20E-15,up
TBC1D24,2.139905573,1.22E-08,up
TP53AIP1,-2.13952149,4.23E-37,down
RPL37A,-2.139487937,4.14E-27,down
IRS1,-2.138669545,4.22E-06,down
ENTPD1,2.138586399,4.00E-07,up
PARP14,2.138343049,3.55E-09,up
EDEM3,2.137953427,2.54E-20,up
METTL8,2.137836601,9.68E-17,up
EMP2,2.13721479,4.28E-11,up
OIP5,2.137090958,7.61E-05,up
CALML3,-2.136791091,7.43E-08,down
FLRT2,-2.135050769,4.05E-05,down
CLIP4,-2.13411028,4.28E-06,down
LSR,2.132968168,8.18E-10,up
CA3,-2.132809042,6.46E-21,down
FGF2,-2.13223865,2.91E-13,down
THUMPD3,2.132108413,1.20E-18,up
LOC101927705,2.132004895,8.61E-11,up
KIAA1147,2.131765734,6.47E-14,up
LOC374443,2.13163158,8.04E-08,up
,2.131318119,1.01E-19,up
SNRPB,2.130518965,4.56E-18,up
PIP5K1A,2.130295168,4.65E-18,up
C20orf24,2.129132238,1.58E-19,up
CRIP2,2.128652972,4.78E-05,up
BORA,2.127842909,2.83E-09,up
OLFML2B,2.127529657,2.99E-08,up
ILF3,2.12734635,6.57E-18,up
,2.127339098,1.77E-13,up
ACTL6A,2.126908441,1.99E-18,up
SLC35D1,2.126249,1.13E-14,up
ARV1,2.126033664,3.30E-20,up
TTL,2.125174301,1.40E-21,up
ESYT2,2.125145552,1.49E-13,up
ARAP3,-2.125089098,4.10E-12,down
PLA2G7,2.124825783,0.000182132,up
SBK1,2.123625559,1.41E-10,up
CHMP1B,2.12349328,4.48E-17,up
DNAJC9,2.12345379,1.01E-15,up
IRF9,2.12249879,1.43E-10,up
SLC16A6,2.122413622,0.005104026,up
MAPK9,2.122248727,4.36E-14,up
FAM210A,2.121914406,6.44E-13,up
RAB3IP,2.121051427,5.51E-08,up
GATAD1,2.120892804,6.48E-17,up
TPSB2,2.120521357,0.005403645,up
IL1RN,2.117570196,0.000148635,up
ANKRD10-IT1,2.117355441,1.76E-13,up
ANKIB1,2.116608035,5.18E-20,up
TRMT6,2.116454448,1.24E-10,up
GMCL1,2.115183042,1.67E-14,up
MID1,-2.115071315,0.000319775,down
DDX19A,2.114146266,3.04E-12,up
ZNF462,-2.113778951,8.10E-05,down
BCL2L1,2.113699993,8.33E-11,up
MT1M,-2.113613406,1.34E-13,down
NUP155,2.112689462,9.81E-11,up
PREX1,2.112461881,3.14E-06,up
PDSS1,2.112317972,4.20E-07,up
PTGER3,-2.111768014,0.001261836,down
MTUS1,-2.10947972,7.50E-09,down
TTYH3,2.10901828,1.98E-12,up
RNASE6,2.108005853,6.94E-06,up
TIMM50,2.107725154,2.61E-14,up
IQCG,2.107622587,0.001708038,up
RBM17,2.106225245,8.86E-14,up
MIF4GD,2.106064559,7.73E-09,up
PPP6C,2.105093685,1.62E-19,up
SHMT2,2.105056329,8.22E-15,up
SNAPC3,2.10481214,2.49E-11,up
CD52,2.104310021,6.91E-05,up
NADK2,2.103704035,8.75E-10,up
TPM3,2.103221818,1.38E-32,up
DAP,2.10300265,9.25E-16,up
TMTC3,2.102770587,6.12E-16,up
PAK1,2.10276865,9.76E-11,up
ADIPOR1,2.102332385,5.10E-23,up
LINC00312,-2.101845245,3.46E-05,down
IMPAD1,2.101105706,1.74E-14,up
,-2.100543552,3.98E-37,down
C12orf75,2.100391476,5.51E-07,up
H2AFX,2.100342503,1.74E-11,up
TPM2,-2.098451594,1.03E-08,down
,-2.098083965,2.32E-67,down
TRIM38,2.097928923,3.93E-09,up
SPTAN1,-2.097830706,2.42E-14,down
GORASP2,2.097211615,4.15E-28,up
,-2.097115776,4.24E-07,down
ANXA8,-2.09687751,0.001242884,down
ZIC1,2.095118336,0.017406402,up
MCCC2,2.095112315,1.64E-05,up
CELF1,2.094952392,4.87E-15,up
PPL,-2.094713524,2.00E-06,down
EFCAB14,2.094544483,2.04E-19,up
FANCF,2.094488098,1.40E-11,up
DEFB124,-2.093639154,1.25E-15,down
BAG1,2.092606685,3.87E-05,up
LOC101929597,2.091133315,1.24E-18,up
ERBB2,2.090638238,0.017115383,up
CLIC5,-2.090126357,2.57E-13,down
AMIGO2,-2.088929336,0.000322412,down
,-2.088840168,6.59E-09,down
PI4KB,2.088720252,2.60E-15,up
ACCS,-2.087417364,7.73E-16,down
TRA2B,2.087248811,6.95E-20,up
GLIPR2,2.087063217,1.86E-05,up
CCDC117,2.08680914,2.40E-13,up
ARL4A,-2.086106287,1.96E-12,down
NFATC2IP,2.085752448,2.03E-19,up
PPP1R15B,2.085196573,3.50E-25,up
NOTCH4,-2.08494849,4.02E-18,down
,2.084655315,1.78E-09,up
,2.082954392,1.05E-06,up
,2.08290972,1.65E-08,up
PARP1,2.082662441,1.55E-20,up
TAF4,2.081895021,8.44E-19,up
TMED7,2.081173643,2.89E-15,up
GRAMD1C,-2.081081301,1.54E-06,down
PRPS1,2.081043769,4.72E-07,up
EIF2AK1,2.080883993,4.02E-27,up
ZNF204P,-2.080796762,1.45E-11,down
YIPF6,2.080338678,1.47E-15,up
OSMR,2.079995224,1.94E-05,up
AKAP2,-2.079743014,1.32E-14,down
FIGNL1,2.079659049,2.47E-10,up
SLAIN2,2.078441881,1.03E-09,up
NCK1,2.078168399,8.27E-11,up
MED13,2.077846566,2.93E-12,up
IGFBP3,2.077591671,4.96E-06,up
LOC101927027,2.077134441,1.39E-08,up
CEP152,2.076085343,9.35E-07,up
MRS2,2.075889636,2.34E-19,up
SSU72,-2.075557063,3.04E-10,down
TIPRL,2.074169203,5.16E-17,up
CALR,2.073834699,3.02E-14,up
TNS4,-2.073543671,5.52E-08,down
WDR26,2.073183993,1.27E-23,up
ACSS2,-2.072721322,2.89E-15,down
PCCB,2.071950147,8.30E-14,up
BMPR2,2.071850958,5.03E-16,up
PPP6R3,2.071379385,3.82E-16,up
FCGR2C,2.071248455,5.58E-07,up
TAC1,-2.071202601,5.74E-11,down
TET3,2.070875545,1.37E-16,up
UBE2G2,2.070760937,3.54E-13,up
SETD8,2.07033165,2.75E-19,up
NUP62,2.069979699,1.75E-15,up
PAFAH1B3,2.069516252,1.80E-15,up
GLTSCR2,-2.069258105,5.08E-19,down
CKAP4,2.067980252,1.61E-13,up
TRIO,2.067883832,1.31E-13,up
ERBB3,2.067449329,1.99E-06,up
ERLIN2,2.066941063,1.32E-05,up
CCDC80,-2.06683714,5.35E-05,down
CAP2,2.065543462,1.22E-05,up
SMEK2,2.064794699,3.40E-16,up
PASK,2.06374742,7.11E-12,up
RASGRP1,2.062839308,0.001619491,up
RFC4,2.061558098,8.87E-11,up
PRIM1,2.060969587,3.04E-07,up
,-2.060956559,9.80E-11,down
CACNA1D,2.060928937,0.004180523,up
PLP2,2.060669042,3.36E-14,up
LOC101928669,-2.060124343,1.09E-45,down
KMT2C,2.05968858,4.73E-18,up
BRIP1,2.058707671,0.000573332,up
SYNPO,-2.058291161,1.95E-11,down
,2.058108825,3.45E-11,up
,-2.057690951,7.20E-08,down
METTL21A,2.057451776,6.23E-10,up
PHLDB2,-2.057429923,4.07E-15,down
PLSCR1,2.056702357,2.26E-07,up
METTL7A,-2.05604286,1.67E-08,down
FAT2,-2.05575251,2.14E-10,down
KLHL12,2.054810846,4.61E-15,up
ARHGEF37,-2.054526881,9.78E-05,down
PPP2CA,2.054462825,9.12E-24,up
VAMP4,2.054279462,3.59E-11,up
,2.054251175,2.72E-10,up
SP100,2.053862769,1.11E-08,up
KIAA1324,2.053518888,0.000197079,up
SREK1,2.053497888,3.14E-12,up
SLC50A1,2.053403573,1.72E-18,up
CYBB,2.052840958,5.12E-07,up
PRMT1,2.052628126,1.02E-14,up
TJP1,2.052175462,6.48E-10,up
FMNL2,2.051971986,8.34E-08,up
C11orf80,2.051592594,7.71E-11,up
NR2F1,-2.051573098,0.000977839,down
ID2,2.049799972,4.05E-13,up
CTSZ,2.049250462,5.91E-10,up
PAQR4,2.048628951,1.83E-08,up
SDC2,2.048552804,4.88E-05,up
GABRE,-2.047859783,0.015308437,down
HECTD1,2.047065287,2.16E-09,up
ESPL1,2.046082699,2.25E-05,up
NCOA3,2.045960329,8.22E-13,up
ALDOC,-2.045913315,9.37E-05,down
CEP89,2.045773448,3.96E-13,up
GBP1,2.045185203,6.69E-05,up
TMEM200A,2.045137105,1.40E-06,up
RPN2,2.044847413,9.68E-25,up
,-2.044746259,3.98E-29,down
TMEM200B,-2.04442214,2.11E-07,down
CLIC3,2.044226587,0.003500258,up
GPATCH4,2.042830147,1.29E-14,up
MNDA,2.042136287,1.04E-07,up
SDF4,2.041924343,4.28E-16,up
,2.041828517,1.27E-13,up
PBX3,2.041514448,9.26E-08,up
C8orf44-SGK3,2.040729196,3.57E-05,up
CYLD,2.040279021,1.55E-09,up
MFSD4,-2.039081699,0.000683955,down
WNK1,2.038614706,1.19E-17,up
WIPF2,2.03838979,8.28E-05,up
TMEM14B,2.038304336,1.97E-17,up
BAMBI,2.037425748,0.000955161,up
VSTM4,-2.037382832,2.73E-15,down
FAHD2CP,-2.037204357,1.12E-17,down
UNK,2.03657907,7.60E-10,up
SOCS3,2.036554902,3.59E-07,up
PYROXD2,-2.036422762,1.25E-08,down
SETX,2.036272846,1.07E-13,up
PLXNA3,2.036059042,7.12E-11,up
NMD3,2.035940077,9.55E-10,up
SLCO3A1,-2.035765084,6.14E-08,down
GANAB,2.035740077,5.65E-17,up
,-2.034800867,3.35E-07,down
KIF5B,2.034648175,1.10E-10,up
HGSNAT,2.034641664,4.60E-07,up
,-2.03430007,9.83E-07,down
GPX3,-2.034066734,0.000461794,down
ABCB10,2.034007797,1.87E-14,up
PHF20L1,2.03394679,2.76E-15,up
,2.033315413,1.56E-14,up
UNC93B1,2.033074587,3.21E-08,up
GULP1,-2.032823685,0.000241634,down
PCID2,2.032745147,1.73E-13,up
TMF1,2.032554972,3.69E-15,up
GNL3L,2.032497559,5.14E-09,up
,-2.032464413,3.92E-07,down
COCH,2.032451077,1.63E-15,up
SLC1A4,2.032342133,2.02E-05,up
NME1,2.031956042,6.04E-09,up
USP47,2.03187935,9.52E-16,up
DSTN,2.031864825,1.79E-19,up
CPS1,-2.031623483,4.13E-27,down
CA5BP1,2.031536175,1.18E-12,up
FCGR2A,2.031453378,5.99E-09,up
ZNF367,2.030888476,1.06E-07,up
FARP2,2.030799587,1.19E-18,up
,-2.030547699,2.17E-08,down
RAE1,2.030203538,9.80E-19,up
IL4I1,2.029905056,6.11E-05,up
BEND5,-2.029793014,2.72E-12,down
FXYD6,-2.029661273,1.19E-06,down
TMEM251,2.02962942,4.27E-16,up
PCBD2,2.02954093,2.69E-16,up
,2.029337727,0.007091662,up
RSRC1,2.029249336,1.26E-08,up
CREBL2,2.028525497,7.07E-09,up
LOXL1,2.028509133,1.04E-06,up
FBXO9,2.02827249,7.87E-10,up
TMEM241,-2.028169476,1.98E-30,down
ADAMTS15,-2.028030189,0.011307904,down
IFIT3,2.027896357,0.000146302,up
NSDHL,2.027728007,1.11E-10,up
8-Sep,-2.027120916,2.98E-14,down
PTGIS,-2.026820769,6.92E-05,down
OSBP,2.026357671,5.50E-19,up
HILPDA,2.026279182,6.60E-08,up
,2.02599821,1.05E-19,up
DNMT1,2.025840287,2.57E-16,up
IL2RG,2.025828441,0.001155184,up
NSMAF,2.025238769,1.86E-10,up
PIK3R1,-2.025003825,1.02E-11,down
ZBTB1,2.023919741,1.34E-14,up
OASL,2.023700867,0.004263266,up
ANAPC10,2.023598531,4.48E-16,up
COBL,-2.023515497,8.43E-05,down
LAMA2,-2.022730322,6.11E-05,down
RHOH,2.022045042,0.002748155,up
CYTIP,2.022037979,6.04E-05,up
COMT,2.021671951,3.10E-13,up
EEF1E1,2.020449189,1.74E-14,up
ACADS,-2.020373965,1.43E-28,down
HMGCS1,2.020371573,0.000105395,up
OCLN,2.020242608,3.53E-08,up
AL928768.3,-2.02023035,1.08E-12,down
PTGFRN,2.01965758,2.84E-10,up
TM9SF2,2.019163944,1.62E-19,up
STAU1,2.018859706,5.20E-24,up
MASTL,2.018646657,2.15E-07,up
TLR1,2.017637573,0.000240794,up
SUDS3,2.017463552,6.29E-14,up
VPS51,-2.01731021,2.99E-22,down
SHC1,2.017231615,5.66E-16,up
MBOAT2,2.017094825,2.34E-09,up
DDIAS,2.016985909,0.000118791,up
GSK3B,2.015889455,3.51E-19,up
CTSF,-2.015734825,2.00E-10,down
TMSB15A,2.014389853,0.018532949,up
PRRX1,2.014318783,0.000450862,up
B3GALT5,-2.014058385,1.53E-05,down
,2.013809587,0.003812022,up
LSG1,2.013646699,2.18E-14,up
CD47,2.01324228,1.69E-08,up
ECE2,2.012072205,6.06E-05,up
ARHGAP6,-2.012012615,8.31E-07,down
RARRES2,-2.011639545,2.21E-06,down
DENND1B,2.01096721,8.17E-10,up
MCM8,2.010166021,1.69E-11,up
NR3C1,-2.010004657,2.11E-13,down
CTNND1,2.009865378,7.62E-17,up
PUS7,2.009785552,8.79E-11,up
COMMD2,2.009096846,1.86E-09,up
CEP76,2.008791972,5.05E-13,up
COQ10B,2.007973531,1.54E-19,up
BARD1,2.007940476,4.86E-09,up
LARP4,2.007649308,1.71E-14,up
HOXD9,-2.007428783,2.21E-31,down
YES1,2.007385993,1.67E-09,up
CHFR,2.007252839,4.30E-13,up
HSPA6,2.007075455,3.03E-07,up
STAM2,2.006750937,7.16E-20,up
SRP9,2.00651,2.81E-32,up
UBE2Q1,2.006076133,5.91E-19,up
STAT3,2.006023329,1.73E-15,up
GDF15,2.005924993,0.004624172,up
MSR1,2.005780035,7.40E-08,up
ADRB1,-2.005552755,0.000114803,down
ZNF259P1,2.005417972,8.91E-13,up
COG2,2.004189245,1.31E-17,up
RTN1,-2.003557007,0.000740569,down
S100A11,2.003224196,1.22E-16,up
EHF,-2.003134308,0.000787578,down
FTX,2.003042657,6.00E-08,up
PITRM1,2.002928133,2.91E-12,up
PRSS23,2.001798427,3.23E-06,up
MGAT4A,2.001397098,2.95E-08,up
,2.000330175,2.99E-12,up
GPRASP1,-1.999960112,7.43E-10,down
TMEM106B,1.999638014,1.19E-11,up
CD55,1.999435895,1.73E-09,up
SLC25A37,1.998508028,0.000228444,up
MFSD6,1.99818842,7.60E-07,up
GALNT15,-1.998040741,7.72E-08,down
MYBL2,1.997860797,8.95E-06,up
STARD4,1.997152049,7.32E-08,up
PRELP,-1.99703314,8.34E-05,down
ITGBL1,-1.996959287,0.001917957,down
MIER3,1.996592769,1.43E-09,up
GGA2,1.996052105,1.98E-13,up
SLC44A1,1.995877559,9.53E-11,up
TDRKH,1.994156867,8.01E-06,up
RFC2,1.993726545,1.17E-14,up
C18orf8,1.993610028,2.11E-18,up
BLM,1.993059119,0.000154418,up
CD59,-1.993013322,1.56E-08,down
,1.992581573,5.56E-13,up
ZNF451,1.992549469,2.84E-18,up
ASPSCR1,1.992373455,4.38E-11,up
LOC101930052,-1.992177601,3.18E-05,down
RUNDC3B,-1.991515392,6.14E-08,down
FCRL2,-1.99140558,1.29E-22,down
C1orf112,1.991279161,1.55E-06,up
EHMT1,1.99116514,2.33E-14,up
STT3A,1.990697168,1.62E-15,up
ACOT7,1.990188364,9.71E-08,up
FAR1,1.989903622,6.08E-08,up
SAA2-SAA4,-1.989740063,3.42E-08,down
CENPN,1.989230888,0.00012963,up
TUBG1,1.989081993,4.92E-13,up
TXNL1,-1.988260427,8.30E-10,down
B4GALT6,-1.988136503,4.26E-14,down
SOX9,1.987741622,0.000431855,up
KLHL7,1.987017014,5.81E-05,up
NFE2L3,1.986239154,0.000323659,up
TLE2,-1.986185014,9.72E-06,down
RAB11B-AS1,-1.986133224,1.27E-22,down
MEX3D,1.985146168,1.59E-06,up
VPS37A,1.984728133,8.21E-12,up
CRLS1,1.984364259,1.73E-13,up
NUP50,1.983951322,3.33E-08,up
PC,-1.983135343,2.76E-08,down
,1.982967308,2.14E-14,up
SDS,1.982478399,8.72E-09,up
11-Sep,-1.982007196,3.35E-12,down
TOMM22,1.981630448,7.16E-13,up
TTC37,1.98119742,6.16E-16,up
RAN,1.980245944,2.49E-19,up
LOC100996643,1.979719727,7.28E-05,up
C1orf27,1.979194944,2.05E-23,up
LOC100289097,-1.979034119,6.53E-14,down
CD48,1.978887287,0.000258931,up
EPB41L3,1.978745007,7.42E-05,up
RHBDD2,1.978642077,5.85E-09,up
KRCC1,1.978413622,3.46E-13,up
SMIM13,1.978383615,2.04E-11,up
ITFG1,1.977969531,3.66E-13,up
EIF4G3,1.977933112,3.83E-11,up
EBF3,-1.976387119,4.27E-10,down
ANXA9,1.976034133,0.006215133,up
KRAS,1.975867343,1.17E-20,up
RPL23AP32,-1.973775573,3.03E-15,down
ABCG1,1.973598685,1.38E-08,up
CEACAM5,1.973429783,0.04863148,up
HRASLS5,-1.97328893,2.02E-05,down
ATP6V1B2,1.973232762,6.90E-16,up
SLC35A2,1.973069252,3.33E-16,up
,-1.972996559,7.14E-12,down
NRN1,-1.972663552,0.000535337,down
SMEK1,1.972477056,3.97E-21,up
BIN1,-1.971946245,1.06E-08,down
CEP70,1.971710951,1.53E-07,up
,-1.97131279,1.24E-37,down
ARL2BP,1.970062343,3.14E-16,up
RALA,1.969465126,2.75E-13,up
LOC100996724,1.968766965,6.16E-08,up
SP1,1.968461497,2.63E-07,up
OLFML2A,-1.96844451,1.68E-06,down
DMXL2,1.968026615,7.02E-14,up
PRAME,1.967609199,0.019491824,up
POLR1B,1.967431021,4.04E-13,up
COL21A1,-1.967409741,1.60E-10,down
CDC73,1.967365497,1.93E-18,up
ALDH3B2,1.967198014,0.003520589,up
ATP6V0A2,1.967184455,2.11E-10,up
AMOTL1,-1.967066245,1.94E-08,down
,1.966831825,1.35E-11,up
CDK2,1.966072406,8.90E-14,up
GTF2I,1.965962441,3.25E-12,up
ORC5,1.964653063,6.38E-10,up
MTCH2,1.964574804,3.72E-12,up
KIF26A,-1.964365678,2.01E-11,down
GALE,1.964334734,1.69E-08,up
STRN,1.963717483,5.29E-12,up
MIR6741,1.963550503,6.62E-21,up
ABHD2,1.962322685,2.42E-05,up
TMEM87B,1.962024797,8.02E-13,up
DAPK2,-1.962005056,2.70E-17,down
AZGP1,-1.961868343,0.025810958,down
TTC18,-1.961628783,0.001496314,down
RGS12,-1.961489734,1.72E-10,down
SMAD9,-1.961476497,2.70E-05,down
CARS,1.961133357,2.62E-08,up
,1.96023307,6.19E-07,up
TPM1,1.960199,1.73E-08,up
HSPE1,1.959968392,7.54E-19,up
CASC5,1.959731734,3.17E-06,up
ELMO2,1.959606455,5.88E-15,up
MMP13,1.958954469,0.005516087,up
AL833181,-1.958035196,0.009528412,down
EGFR,-1.957978636,0.000130034,down
BLNK,1.957624832,2.42E-06,up
TMEM14A,1.956881811,1.70E-17,up
DIDO1,1.95636565,4.26E-14,up
TCF7L1,-1.956303937,0.003114664,down
NDFIP2,1.955931294,6.02E-14,up
MIR4680,1.955930818,2.55E-05,up
,1.955116238,6.05E-05,up
ATHL1,-1.955036566,0.003198491,down
CLIP1,1.954834531,3.52E-09,up
CENPM,1.954299657,1.61E-06,up
HNRNPR,1.954184965,8.82E-20,up
NUS1,1.953630713,3.24E-12,up
TSPAN31,1.951483147,8.16E-08,up
NUPL1,1.951314692,1.55E-14,up
TMEM158,1.951066126,0.001832781,up
USP14,1.950434783,2.19E-20,up
TRAM2,1.950280923,4.12E-14,up
MTDH,1.949878238,6.83E-14,up
IGKV1OR2-108,1.949484147,0.01452543,up
BCAT1,1.949398874,2.08E-05,up
INPP4A,1.949242776,5.89E-15,up
RHNO1,1.949149818,3.25E-09,up
MLLT10,1.947570797,2.95E-12,up
FAM96A,1.947127552,8.06E-24,up
RIPK2,1.945303685,8.50E-09,up
TAGLN,-1.94494842,1.84E-18,down
SPOPL,1.944918951,3.04E-10,up
TWIST2,-1.944220979,1.82E-06,down
CD34,-1.943985063,3.47E-18,down
IL32,1.943790112,0.000120334,up
GIMAP1,-1.94358151,1.70E-06,down
XIAP,1.942737741,1.98E-22,up
CASP8,1.942293594,5.65E-14,up
LOC101927673,1.942094441,3.37E-20,up
ERI1,1.942069028,5.39E-09,up
DACT1,1.94183242,0.000672412,up
SLC44A2,1.941544427,3.48E-10,up
CHD1,1.940415301,2.06E-18,up
,1.939768587,4.70E-13,up
ABCA5,-1.93972149,3.36E-08,down
PAIP2,1.939472538,4.57E-19,up
NAA15,1.939403028,2.96E-15,up
DDR2,-1.939252098,3.24E-09,down
C10orf54,-1.939167133,6.96E-13,down
C12orf73,1.938962371,3.47E-12,up
SRFBP1,1.93887742,6.97E-17,up
,1.93857779,4.44E-10,up
PALM,-1.938343294,4.17E-13,down
,-1.937993084,8.22E-07,down
,1.937881993,3.25E-06,up
WNT5A,1.936927573,0.000274453,up
BICD2,1.936751804,1.51E-12,up
MIB1,1.936383315,4.33E-16,up
ATF7,1.936279371,8.38E-11,up
HSPA14,1.93621707,3.52E-11,up
EGLN3,1.935655063,0.001176511,up
RNF180,-1.934788196,2.86E-27,down
SPON1,-1.934451126,0.00084871,down
IL17B,-1.934350573,5.14E-11,down
SPDL1,1.934297965,2.48E-08,up
SLC1A1,1.934243308,0.03260173,up
EXOC2,1.934049769,5.93E-06,up
STAG2,1.933870154,6.45E-16,up
CMTM7,-1.933656594,4.78E-12,down
SETBP1,-1.932865441,0.000521425,down
GZMA,1.932599972,0.003788161,up
ELP3,-1.932382273,7.40E-11,down
HAT1,1.932273615,5.86E-24,up
CDKN2A,1.932212497,0.000769142,up
ARPC1A,1.931980636,1.38E-16,up
TCEAL7,-1.931689035,8.45E-07,down
PSMA3,1.93125293,9.70E-18,up
TOPBP1,1.930292657,4.24E-16,up
TMED5,1.930204629,6.76E-12,up
CGNL1,-1.930104266,0.000237107,down
TAT,-1.930094084,3.00E-18,down
PDIA4,1.930080399,3.67E-20,up
CCDC47,1.930059923,2.33E-11,up
SMARCA2,1.929976706,2.36E-06,up
TNN,-1.929589315,2.10E-05,down
RUNX2,1.928476503,2.33E-05,up
HIATL2,1.927982406,7.29E-10,up
COPB2,1.927845245,4.73E-22,up
STXBP1,-1.927810587,2.38E-05,down
UBE2V2,1.927556755,1.22E-14,up
RPAP3,1.926468965,8.89E-21,up
ND6,-1.926265692,4.87E-14,down
FGD6,1.925777329,1.98E-07,up
C10orf10,-1.924786783,6.28E-06,down
TFEC,1.924373846,0.000365347,up
RPF1,-1.924099846,2.39E-21,down
FAM47E,-1.923824357,1.67E-07,down
,1.923697385,1.34E-07,up
BLOC1S6,1.923500643,2.99E-19,up
PTX3,-1.92293565,0.006068321,down
ZFAS1,1.922826874,2.94E-10,up
HUS1,1.922116091,1.40E-11,up
CAPS,1.921811469,0.000761522,up
MIR6834,1.921581308,1.19E-14,up
,1.921420287,3.80E-06,up
TMEM43,1.921287,5.85E-12,up
SSH1,1.921129853,7.53E-15,up
TTC17,1.920463434,1.04E-11,up
JADE1,-1.920158671,2.05E-16,down
HIST1H4H,1.920037594,0.003893621,up
EMC8,1.919931636,2.81E-09,up
UBE2I,-1.919172594,1.53E-05,down
MTO1,1.917726545,4.62E-19,up
,1.917597727,2.66E-06,up
COL4A1,1.917571469,3.22E-08,up
TMEM132A,1.916607133,1.09E-06,up
DENR,1.916120958,1.85E-15,up
TMED10,1.915213958,1.07E-17,up
TGDS,1.914910993,2.27E-12,up
UXS1,1.913188818,5.45E-14,up
RHOU,-1.912848741,1.28E-06,down
FBRSL1,-1.91284779,8.36E-08,down
FAM214A,1.912771322,8.89E-05,up
FAM228B,-1.912230371,8.36E-09,down
EVI2A,1.911261427,2.31E-07,up
LPIN2,1.911103615,4.07E-08,up
ABHD10,1.911030406,1.08E-11,up
ANKDD1A,-1.910694629,1.29E-18,down
UBE2F,1.910292566,1.62E-21,up
GPC4,1.910210692,0.001115461,up
DNAJC7,1.910140846,2.72E-10,up
LINC00663,-1.909978112,8.25E-10,down
TOR1AIP1,1.909727357,2.41E-10,up
ZBTB21,1.909496014,3.01E-12,up
DIS3,1.909418993,1.15E-11,up
NAA20,1.909316986,1.19E-17,up
CSTA,-1.909255979,0.005260779,down
SPCS2,1.909094378,6.88E-19,up
MPPED2,-1.908593203,6.68E-05,down
FBXO22,1.908363825,5.70E-16,up
SASH1,-1.908319622,7.92E-09,down
MINPP1,1.907346497,2.48E-09,up
TPR,1.907179909,2.96E-07,up
AGFG1,1.906216734,1.22E-13,up
TBX15,-1.905578077,4.12E-19,down
SYT13,1.905189888,0.01801864,up
GLIPR1,1.905146063,1.62E-07,up
,1.905082224,6.78E-18,up
RTP4,1.904780133,0.007490856,up
MITD1,1.904567483,1.11E-17,up
MAT2A,1.904221427,1.16E-07,up
MTFR2,1.903847566,0.001484473,up
MLX,1.903152357,7.93E-16,up
SRP54,1.90301214,1.74E-19,up
GLG1,-1.90294849,2.14E-13,down
GABARAPL1,-1.902872483,1.79E-14,down
GGCX,1.902304643,1.05E-08,up
SUMO3,1.902124322,2.35E-17,up
CASD1,1.902116958,1.85E-05,up
G3BP1,1.901848566,1.69E-18,up
CYBA,1.901756629,1.72E-08,up
MRGPRF,-1.901183119,5.03E-08,down
,1.900884,3.48E-10,up
FPR1,1.900652126,2.44E-05,up
C1orf213,-1.899840322,7.05E-19,down
,1.899823986,0.000121306,up
STIL,1.899264077,6.73E-07,up
EFCAB11,1.899222692,5.14E-07,up
RPAP2,1.898686902,3.40E-15,up
,1.898670706,1.24E-07,up
CBS,1.897168902,0.003016959,up
GRTP1,1.89657642,5.45E-09,up
TINCR,1.895924476,0.003835573,up
,-1.895576699,4.27E-21,down
CUL1,1.895538273,5.86E-18,up
,-1.894714685,1.33E-10,down
LPHN3,-1.894222538,6.41E-09,down
GFPT2,1.893810161,0.00014777,up
,-1.893765399,1.08E-05,down
C5orf46,1.893454364,0.004804345,up
TBC1D9,1.893197224,0.008501186,up
,1.89290493,2.95E-08,up
BTG3,1.89238607,7.52E-05,up
MX1,1.891966455,0.0008029,up
C1orf116,-1.891223755,0.003715906,down
LINC01000,1.891039266,1.57E-11,up
PSAP,1.890880063,7.16E-17,up
EIF5,1.889801028,6.75E-16,up
LOC100129518,1.889442741,0.000302498,up
LYRM2,1.889314357,2.11E-15,up
CD53,1.888977615,3.59E-07,up
TOM1L1,1.888712664,8.61E-09,up
PSME3,1.888427888,3.24E-10,up
SPRY2,-1.887382769,3.50E-05,down
BPGM,1.88714528,2.17E-13,up
LAMC2,-1.886632608,0.000632306,down
ISCA2,1.886507713,5.45E-15,up
HSPA9,1.886414021,1.28E-20,up
AX746823,1.886374552,6.65E-06,up
TMEM178A,-1.885721979,1.64E-05,down
ASF1B,1.885632993,1.19E-08,up
10-Sep,1.88542158,4.01E-08,up
,-1.885003364,0.002053434,down
TADA1,1.884855308,3.48E-14,up
MAGOHB,1.884450315,1.11E-07,up
C3orf14,1.884305993,3.49E-06,up
OSTF1,1.88428621,2.79E-14,up
TIMM22,-1.88425372,6.61E-11,down
SCCPDH,1.884130706,1.27E-05,up
SLC20A2,1.88401193,1.07E-08,up
SMG8,1.883833056,2.93E-09,up
,1.883805552,9.99E-11,up
ZBTB4,-1.882992566,6.58E-17,down
TMEM168,1.882834566,4.90E-09,up
KDM1B,1.882727685,7.30E-12,up
,-1.882369168,1.45E-11,down
GRSF1,1.882297028,2.75E-17,up
KLHL21,-1.882072378,7.10E-12,down
TYMP,1.880839825,3.41E-06,up
,-1.880786979,2.62E-14,down
RPP14,1.880389315,5.31E-16,up
CXCL8,1.880289825,0.012659764,up
PDS5A,1.880067692,1.12E-10,up
CDK16,1.879095077,1.46E-10,up
USP18,1.879022252,1.58E-05,up
LINC00173,-1.878944392,0.005571234,down
RABEP1,1.878676392,0.000104244,up
NBN,1.878196448,9.28E-12,up
CD274,1.87772642,0.00490754,up
IRF7,1.877681056,4.75E-06,up
IL11RA,-1.877458217,4.04E-19,down
GORAB,1.876895594,7.64E-17,up
ITGA1,-1.876828259,1.30E-07,down
CAPN15,1.876805615,1.97E-11,up
NDUFC2,-1.87651851,2.16E-36,down
RBPMS2,-1.876460243,1.15E-10,down
STC1,1.876174727,0.007405265,up
COPB1,1.876099161,8.44E-23,up
,1.875951503,8.69E-09,up
MIR6883,-1.874289685,2.68E-16,down
HM13,1.874147154,2.04E-14,up
OSGIN2,1.873961021,2.16E-07,up
CDR2,1.87390972,3.26E-21,up
,1.873731434,1.43E-13,up
ABL2,1.873484,2.60E-13,up
GOSR2,1.87322142,1.86E-15,up
MOSPD1,1.87279893,9.03E-13,up
LOC102725271,1.872793161,0.001338752,up
RANBP1,1.872447357,4.65E-12,up
CLN3,1.871761818,1.09E-10,up
XRCC5,1.871301608,1.92E-16,up
TMEM248,1.870341273,2.70E-26,up
ARF3,1.869915224,1.79E-14,up
VDAC3,1.869868399,2.82E-11,up
TMEM209,1.869533028,9.74E-14,up
FAM178A,1.86944579,1.59E-14,up
RAI14,1.868732406,2.02E-10,up
,-1.868519629,0.000306802,down
WSB2,1.868453944,1.09E-16,up
,1.868406615,4.36E-12,up
BNIP3,1.868202552,3.39E-06,up
ZNF195,1.868032245,5.89E-12,up
GFRA1,-1.867538811,0.049259605,down
C6orf132,1.867468783,4.08E-08,up
RPS10,-1.86740472,8.19E-26,down
TOX3,1.867305161,0.029926376,up
USP46,1.866714594,5.22E-10,up
STC2,-1.86667165,0.021641099,down
TMCC1,1.866642804,9.95E-15,up
DICER1-AS1,-1.866039825,6.92E-14,down
RBMS1,1.864893524,4.11E-08,up
FAM49B,1.864037483,2.87E-10,up
STAU2,1.863638322,5.97E-09,up
ZNF318,1.863610266,3.24E-13,up
GPD2,1.863592217,3.49E-13,up
MRPS7,1.862982839,8.32E-11,up
CD99,1.86295235,1.01E-09,up
LEF1,1.862778825,1.85E-06,up
ZNF586,1.862631196,2.00E-10,up
XBP1,-1.862062049,4.97E-13,down
PCNP,1.861480678,5.33E-13,up
LHFP,-1.861318014,6.58E-14,down
FGFR1,-1.860580224,1.33E-06,down
RNF126,1.859793042,8.43E-14,up
GNB5,1.859372434,2.53E-06,up
HMGN4,1.859286699,5.60E-12,up
INIP,1.859002469,4.51E-18,up
TGM2,1.858871909,2.54E-06,up
TMTC4,1.858847056,2.26E-06,up
MYCT1,-1.858589566,1.04E-20,down
RP11-124L9.5,-1.858516217,1.33E-06,down
PCDH9,-1.858011531,6.36E-15,down
MMAB,-1.857584923,7.29E-17,down
CXADR,1.857130231,0.004446595,up
CPE,-1.857011294,0.000234386,down
,1.85690193,1.60E-09,up
EXOC4,1.856714608,4.55E-10,up
C5AR1,1.856303126,4.70E-08,up
DAAM2,-1.856193559,8.90E-09,down
LOC283788,-1.85593942,1.24E-15,down
ZNF43,1.855029427,1.00E-08,up
PTPN11,1.854650923,5.53E-14,up
LOC100996412,-1.853944692,1.11E-09,down
CDKN2C,-1.853935406,9.48E-06,down
SAMD9,1.853880084,1.22E-05,up
DNMT3A,1.853860259,7.20E-10,up
ATP2B1,1.85374607,1.04E-08,up
1-Mar,-1.85352372,1.11E-06,down
ARNT2,1.853401455,0.001445989,up
PKMYT1,1.852704042,1.76E-07,up
CCBE1,-1.852628427,2.00E-17,down
HIPK1,1.852555965,3.69E-15,up
ABHD3,1.852497329,2.58E-13,up
KIAA0196,1.852465007,7.56E-14,up
RNF114,1.851813993,4.12E-12,up
NPNT,1.851649266,0.018065996,up
RGL1,-1.851565,9.13E-10,down
,1.851504636,1.22E-10,up
MYO19,1.851489559,6.04E-09,up
RP11-295G20.2,1.850942888,5.29E-05,up
HCK,1.85069814,6.17E-06,up
APOO,1.850532524,2.28E-10,up
ADHFE1,-1.850475552,9.79E-08,down
,-1.85024821,5.68E-12,down
LINC01279,-1.849953455,0.013135456,down
SEH1L,1.849673105,8.39E-07,up
TANC2,1.849398147,0.000205631,up
MRPS28,1.849195098,1.20E-12,up
BCAP29,1.848656112,7.58E-14,up
FRMD4A,-1.848368259,5.42E-08,down
GAPVD1,1.848150979,3.77E-17,up
LINC00893,-1.847978042,3.28E-13,down
MAP1A,-1.84780379,2.05E-07,down
GRPEL1,1.847308161,1.16E-13,up
PRR15L,1.847034436,0.003944964,up
FAT3,-1.846743056,9.32E-07,down
CAMK2N1,1.846576829,0.002665847,up
DSCR3,1.846254406,3.99E-17,up
PNPLA7,-1.846225916,1.55E-22,down
MYO5B,1.845837888,3.91E-06,up
AIFM2,-1.845699895,3.78E-12,down
C7orf73,1.844895762,7.43E-17,up
AKT1,1.844751538,7.92E-09,up
MFI2,-1.844514559,0.000571712,down
LAMP2,1.844137014,1.50E-12,up
SCAMP1,1.84388649,1.62E-07,up
CABLES2,1.842999385,1.81E-08,up
EMC2,1.842658077,2.98E-15,up
RFX5,1.841697259,1.92E-10,up
ARHGAP8,1.840811385,9.58E-05,up
CCDC125,1.839797476,8.88E-05,up
BCOR,1.83963728,5.80E-11,up
CST6,1.839603531,0.004816134,up
NAP1L5,-1.839311622,1.91E-05,down
DHX40,1.838650392,3.89E-07,up
AIFM1,1.838288413,1.11E-12,up
OSBPL3,1.837978629,1.24E-05,up
HOXD8,-1.837822783,6.42E-05,down
SBDS,1.837174776,8.08E-14,up
FAM103A1,1.835896538,3.82E-18,up
CDCA8,1.835108839,0.000355925,up
TCFL5,1.83454921,1.29E-10,up
,-1.834281238,8.14E-06,down
SLIT2,-1.834215685,7.20E-10,down
PSMD3,1.834099734,0.000980682,up
TRMT1L,1.833693266,3.17E-09,up
,-1.833630392,8.23E-10,down
EPB41L4B,1.833201748,2.15E-05,up
,1.833100406,2.79E-15,up
LOC728554,1.833050343,1.11E-09,up
NNT,1.832887392,1.75E-05,up
TSC22D2,1.832860993,2.41E-19,up
BSPRY,1.832632608,8.02E-05,up
APITD1,1.832613629,2.85E-10,up
TINAGL1,-1.832514224,8.95E-29,down
LOXL2,1.832475503,5.47E-05,up
AGO3,1.83187428,1.72E-11,up
TXNRD1,1.83180151,1.45E-11,up
C5orf28,1.831751762,1.72E-10,up
CCL5,1.83171249,0.005780965,up
APLNR,-1.831225245,9.70E-08,down
,1.830766217,1.84E-09,up
USP31,1.830266993,1.37E-09,up
DDX60,1.830223406,1.07E-05,up
NVL,1.829420497,1.46E-11,up
CHCHD7,1.828933986,1.91E-08,up
,-1.828734713,9.32E-29,down
SIDT2,-1.828180371,1.51E-14,down
IMPA2,1.828170664,0.003172257,up
,1.828120455,3.45E-06,up
CREBRF,-1.827342126,3.05E-10,down
,1.827335007,2.52E-09,up
LOC100506548,-1.827011203,7.69E-08,down
,-1.826385399,4.86E-08,down
ZNF514,1.825553196,2.98E-09,up
XAF1,1.825542427,6.07E-05,up
DAGLB,1.825435902,2.17E-18,up
BHMT2,-1.825115741,4.50E-12,down
RRP15,1.825024671,1.91E-12,up
,-1.824035434,3.67E-36,down
ADAM33,-1.823503755,1.34E-26,down
RNF34,1.823461287,9.17E-16,up
GTF3C3,1.823398434,1.16E-13,up
FBXL20,1.823006531,0.00224961,up
FSIP1,1.822841252,0.030377201,up
PCM1,-1.822520839,6.13E-10,down
POLR1C,1.819527042,8.40E-11,up
MRPL35,1.819511294,3.89E-18,up
,1.819353231,3.64E-06,up
FZD6,1.819083497,0.000431144,up
LACTB,1.818924909,1.36E-08,up
LAP3,1.818803133,9.37E-11,up
MUC5B,1.817945,0.017965834,up
THSD4,-1.817595189,0.029146281,down
CPXM1,-1.817229168,0.0005059,down
POLR2J4,1.81719428,1.67E-13,up
TIPIN,1.817108448,1.17E-05,up
SYNGR2,1.816480357,1.03E-08,up
ATF7IP,1.814946,1.99E-11,up
VEZF1,1.814783748,1.56E-12,up
PARP6,1.814699993,1.71E-13,up
KMT2A,1.814643322,2.05E-11,up
PPP1R12A,1.814083741,7.34E-15,up
DNPH1,1.813942776,3.60E-11,up
PAWR,1.813884112,2.40E-08,up
PNPLA2,-1.813769147,4.00E-15,down
NISCH,-1.813601399,7.73E-18,down
,1.813530671,4.03E-11,up
SEMA6A,-1.813096594,0.000151178,down
DIAPH3,1.813077923,0.000103372,up
FTSJ1,1.812654448,5.70E-19,up
F12,1.812320133,9.68E-05,up
IL17RC,1.811929336,2.09E-10,up
ATP2C2,1.811869867,0.002291987,up
,-1.811433336,1.58E-05,down
THEMIS2,1.811140252,6.36E-05,up
FBLN1,-1.810620741,0.000279058,down
MCM6,1.810599874,9.36E-09,up
,1.81042642,9.38E-09,up
ZNF423,-1.809786105,6.87E-07,down
C1QBP,1.80971958,9.79E-14,up
AQR,1.809587189,6.36E-16,up
EBAG9,1.809505119,1.62E-13,up
EPCAM,1.809457119,3.11E-10,up
TICAM2,1.809137455,1.95E-11,up
RPP38,1.808481028,2.30E-11,up
MPC2,1.808317427,1.44E-10,up
PSMA1,1.807848133,1.34E-17,up
SF3B4,1.807804035,3.01E-14,up
GDAP2,1.807775,2.10E-12,up
RPE,1.80761151,1.55E-10,up
EIF2AK2,1.807555678,6.74E-12,up
RAP2A,1.807317483,2.88E-12,up
ZNF502,-1.807008902,2.47E-12,down
LOC100131541,-1.806703168,5.96E-06,down
PLXNB1,1.806382846,5.99E-08,up
TRIB3,1.806363182,4.20E-05,up
WDR12,1.806353217,4.97E-11,up
UHRF1BP1,1.806222853,1.06E-17,up
LPAR1,-1.806048322,6.37E-08,down
TMEM181,1.805294252,1.15E-10,up
COL7A1,-1.805120986,1.29E-08,down
MST4,1.805067741,0.000323804,up
PLXNA4,-1.804778958,8.48E-19,down
,-1.803895448,3.82E-30,down
RP4-635E18.8,-1.803204105,3.08E-13,down
CEP85,1.803045231,4.34E-11,up
,1.802934622,2.14E-07,up
DNAJA1,1.802673986,2.56E-18,up
CTB-50L17.7,1.80266779,1.29E-07,up
IQCH-AS1,-1.802619336,8.57E-09,down
NECAP1,1.802317343,1.44E-12,up
RBBP5,1.802311601,2.60E-15,up
TMEM64,-1.801853399,2.90E-05,down
GTPBP4,1.801812161,3.09E-10,up
EMB,1.80180686,6.09E-05,up
CYP1B1,1.801532979,0.00095358,up
PAPSS2,1.801422364,0.00025668,up
EIF4E2,1.801340552,8.50E-18,up
ALB,-1.80133307,0.000267664,down
UBQLN1,1.800535636,1.33E-16,up
UBAP2L,1.800451434,7.61E-17,up
LOC102724814,-1.800034448,1.45E-11,down
,-1.799622804,8.13E-14,down
APOE,1.799520035,1.00E-06,up
IFIT1,1.799385734,0.002884688,up
CARD10,-1.799046839,0.000222654,down
XPO7,1.798737573,1.95E-12,up
NCK1-AS1,1.798285098,5.39E-07,up
TMEM65,1.797944524,3.44E-08,up
BRAF,1.797890608,1.09E-07,up
KDM5A,1.797814469,3.62E-11,up
GNS,1.797776755,5.45E-08,up
STMN1,1.797596671,2.15E-06,up
IL33,-1.797417147,3.70E-05,down
JADE3,1.796735182,8.99E-08,up
,-1.796642517,0.007393285,down
,-1.796420343,4.99E-33,down
CNTNAP2,1.796389664,0.023818352,up
PTCHD1,-1.796347238,0.004621551,down
FAM13C,-1.795845524,1.61E-07,down
ISM1,-1.795741035,0.000648375,down
ABT1,1.795629538,9.06E-16,up
RASGRF2,-1.795241839,2.30E-07,down
CHD9,1.795191979,1.86E-09,up
BLMH,1.795037385,2.17E-07,up
LDLRAD4,1.794787545,2.28E-05,up
EXO1,1.794341804,0.000393607,up
CD84,1.793972063,1.92E-05,up
RCOR3,1.793602986,4.61E-13,up
OXSR1,1.793591748,1.53E-15,up
,-1.793547266,2.57E-52,down
FECH,1.793082916,2.50E-08,up
SLC38A6,1.792814594,1.09E-11,up
TYROBP,1.792714566,9.05E-09,up
MAZ,1.79229551,1.84E-08,up
CES2,-1.791811224,1.60E-18,down
PDHX,1.791716587,1.70E-13,up
IGSF9,1.790837266,2.74E-05,up
ALG6,1.790457469,1.63E-09,up
PHB,1.790254343,5.79E-08,up
SLC25A11,1.789600531,4.39E-14,up
SYAP1,1.78912314,5.89E-13,up
,-1.788810909,7.64E-25,down
,1.788681629,5.97E-10,up
HMOX2,1.788507035,1.72E-18,up
GTF2H3,1.788411986,7.11E-14,up
RAC2,1.788170315,3.79E-05,up
FLT1,1.787659888,1.71E-07,up
DEPDC1,1.787363741,0.000774175,up
TSPAN7,-1.787340315,4.59E-07,down
HYI,-1.787021706,1.66E-14,down
ARHGEF40,-1.786751301,8.57E-22,down
CHST11,1.786638755,1.98E-07,up
MRPS23,1.786021867,5.69E-08,up
PLEKHA8,1.785424874,2.81E-11,up
SNRNP25,1.785012175,1.06E-15,up
SGPP1,1.784861965,6.08E-05,up
,-1.784808699,9.92E-15,down
PEX11B,1.784604909,8.31E-15,up
COTL1,1.784281063,4.59E-06,up
NFKB2,1.783323021,9.27E-10,up
PDIA3,1.782772406,6.25E-10,up
ATP1B1,1.782634923,5.62E-06,up
CYB5B,1.782412965,2.43E-12,up
PLD3,1.781830783,1.80E-13,up
CTTN,1.781399636,4.26E-07,up
ZNF747,-1.78136051,5.40E-31,down
ARL6IP1,1.781035035,9.74E-20,up
ST14,1.780290196,2.65E-09,up
RER1,1.77990749,1.84E-14,up
TMED4,1.778319699,2.65E-16,up
ADCK3,-1.778141224,7.07E-10,down
CBFB,1.778060909,2.26E-13,up
NAA40,1.777929531,4.89E-09,up
PLA2G12A,1.777829538,3.86E-13,up
ITGA6,1.777635455,0.002148577,up
GIT2,1.777479469,1.34E-14,up
SPARCL1,-1.777096951,2.17E-05,down
UBE2D3,1.775815727,2.65E-16,up
MCM9,1.775597364,6.36E-12,up
HIBADH,1.775346706,2.01E-07,up
C7orf25,1.774748818,8.65E-13,up
C5orf24,1.774575853,3.87E-13,up
HN1L,1.774434727,4.37E-14,up
BIRC6,1.774299503,2.65E-22,up
,-1.773900846,1.22E-08,down
NRG2,-1.773621867,2.03E-34,down
ECM1,1.773171406,0.00055827,up
NCAPG2,1.772978524,7.40E-08,up
FAM26F,1.772865713,0.001071139,up
CSPP1,1.77269514,7.09E-10,up
EFEMP2,-1.772374308,1.55E-08,down
CASK,1.772310545,1.81E-07,up
G2E3,1.771940252,1.90E-08,up
PRKAB1,1.771734727,8.33E-07,up
RASSF2,1.77173407,2.23E-05,up
CASP6,1.771582049,1.43E-07,up
PQLC3,1.771501811,1.88E-08,up
SELL,1.771339545,0.003911653,up
SAMD1,1.771187923,4.20E-13,up
EPB41L4A-AS1,-1.771058476,1.00E-09,down
GLB1,1.77100593,5.42E-14,up
KLHDC10,1.770291776,2.77E-10,up
RAB29,1.770262469,1.56E-07,up
MMP16,-1.769684469,0.000749871,down
ARL17A,-1.76868586,1.52E-12,down
ATP11B,1.768572545,0.000316748,up
ITGB1BP1,-1.768492685,1.75E-05,down
PRMT2,1.76848342,6.68E-13,up
ABCA6,-1.768406937,1.66E-07,down
,1.767453217,9.17E-05,up
TMEM260,1.76729414,1.21E-12,up
TXLNA,1.766695189,2.62E-14,up
COL8A2,1.76643679,0.000211735,up
STK17B,1.766313056,5.99E-06,up
,1.766256112,0.002718292,up
CTSG,-1.766161462,1.04E-07,down
TFB2M,1.765943196,2.07E-15,up
,1.765800259,3.96E-06,up
LOC102724387,1.765433301,0.001270158,up
VPS13A,1.765313203,3.08E-11,up
NFKB1,1.765231238,3.25E-12,up
SPEN,1.76512293,5.96E-13,up
,1.764962007,7.24E-05,up
PCDH17,1.764407056,5.21E-09,up
TRMT11,1.76397749,3.59E-08,up
,1.763602545,5.05E-16,up
ELTD1,-1.763096629,9.05E-10,down
,1.762994252,9.11E-09,up
PAIP1,1.762499874,3.28E-17,up
ANTXR2,-1.762440469,7.21E-08,down
XPOT,1.762174657,1.90E-16,up
PHLDA1,-1.761967986,3.45E-05,down
FBXO31,-1.761029469,7.07E-11,down
RUSC1,1.760946699,2.81E-10,up
MGST1,1.760818238,0.000832324,up
TWIST1,-1.760643559,3.39E-05,down
MTERF3,1.760230615,1.96E-10,up
SRPRB,1.760118385,5.18E-11,up
DHX36,1.760097077,6.33E-12,up
SEC22B,1.760078427,1.20E-16,up
SHANK3,-1.759782748,1.99E-07,down
COMMD5,1.759721671,3.67E-12,up
TAF1A,1.759434357,3.74E-11,up
TTC28,-1.758624699,3.54E-06,down
APTR,1.757804594,6.59E-10,up
CELF2,-1.757552839,5.78E-06,down
ZNF395,-1.757403112,2.22E-07,down
IGFBP4,-1.757361643,8.51E-05,down
HIST1H2AE,1.757199559,0.004750197,up
RAB8A,1.756910385,7.01E-22,up
C4orf46,1.756833797,2.42E-09,up
MAGI1,-1.756792021,7.51E-14,down
GGPS1,1.756369497,6.29E-08,up
,-1.756229874,2.04E-15,down
LRP8,1.755480715,0.002907379,up
SERPINA1,1.755221993,0.010397857,up
MAD2L2,1.755110119,4.08E-11,up
PLAGL2,1.754743797,1.17E-11,up
HIST1H2AD,1.754159853,0.004858049,up
,1.752956021,1.78E-06,up
,-1.752874371,1.22E-25,down
C2orf49,1.752811315,9.59E-12,up
RAB26,1.752477532,0.003582541,up
PRDX1,1.752337413,6.64E-18,up
JUNB,1.750776021,2.84E-08,up
DR1,1.750720874,2.95E-13,up
SOCS5,1.750711818,6.93E-09,up
GMPR2,1.750674853,2.91E-10,up
ARIH2,1.750144664,3.00E-16,up
LOC728613,1.749620266,0.001087314,up
DKK3,-1.749465741,0.000165993,down
MRPL30,1.748943329,3.23E-11,up
FGD5,-1.747866364,9.27E-07,down
BAX,1.74717293,5.10E-09,up
PLAA,1.746985119,3.81E-09,up
SNX14,1.746950951,6.02E-13,up
ORMDL3,1.746905518,0.031704172,up
ABCC4,1.746734238,0.000143853,up
,-1.74667272,3.71E-32,down
RBL2,1.746189259,6.27E-11,up
ENPP5,1.74599451,0.009123713,up
FPGT,1.745891476,2.04E-15,up
CLCN3,1.745564238,1.24E-08,up
GUSBP3,1.745377112,0.001509995,up
HRCT1,-1.745156007,8.69E-07,down
ZNF638,1.744645385,4.62E-18,up
JAK2,1.744542322,8.36E-05,up
CX3CR1,-1.744450182,0.016499952,down
SEC61A2,1.743702573,2.86E-13,up
LAMA4,-1.743574378,1.89E-07,down
FAM184A,-1.743162084,2.55E-11,down
BCL2L12,1.743155531,8.94E-11,up
GATC,1.742653776,6.41E-08,up
CORO1A,1.742107343,0.000115212,up
CNOT11,1.742067839,1.88E-17,up
CRNKL1,1.742025888,3.12E-10,up
EGLN1,1.741991434,2.33E-05,up
CXCL17,1.741710441,0.029339794,up
CCNE1,1.741412441,0.001973879,up
EEF1A2,1.741397692,0.041409576,up
CUEDC1,1.741366161,0.000168752,up
RNF19A,1.741165762,5.55E-11,up
KIF22,1.740987294,7.29E-10,up
SPRED2,1.740389601,0.001008876,up
AASDH,1.740337902,3.67E-08,up
ECHDC2,-1.739508252,7.11E-10,down
TRIM13,1.739479776,8.11E-07,up
PTPN14,-1.739234895,1.55E-07,down
PDGFRA,-1.738967818,0.000211908,down
HNRNPA1,1.738756154,9.47E-17,up
YWHAB,1.738754476,9.27E-22,up
CTC-444N24.11,1.738565937,3.46E-05,up
HNMT,-1.737736427,2.03E-08,down
TCTN3,1.737631503,3.63E-13,up
HES6,1.737262434,1.98E-05,up
FBP1,1.73711658,0.016900704,up
PSMD14,1.735375182,1.90E-16,up
DEFB1,-1.735082469,0.014373187,down
RHOQ,1.734859867,6.07E-10,up
MED30,1.733958874,1.82E-05,up
CTD-2292M16.8,-1.733523469,0.000355624,down
MEX3A,1.732552497,0.000154097,up
COA6,1.732536601,3.74E-15,up
U2SURP,1.732431406,4.22E-07,up
MESP1,-1.732331874,3.11E-05,down
AUTS2,-1.732179538,2.29E-12,down
EED,1.731994531,1.30E-06,up
TACO1,1.731762552,1.40E-06,up
KRT8,1.731686189,1.73E-05,up
ADPGK,1.731516888,5.16E-11,up
HOXA4,-1.731240629,1.59E-30,down
PPIC,1.730937392,2.23E-06,up
CAPNS1,1.730683986,1.64E-17,up
MXRA7,-1.730392133,1.26E-08,down
VPS13D,-1.729572371,3.24E-08,down
,-1.72953414,3.18E-05,down
SHC2,-1.729393944,8.45E-05,down
CAMK2D,1.728878119,1.01E-06,up
THRB,-1.728825909,3.22E-06,down
MGEA5,1.72874265,7.17E-16,up
CEP170,1.728329545,1.43E-11,up
CEP68,-1.727925881,1.08E-11,down
,1.727628399,5.13E-09,up
CSF2RB,1.727471916,0.00477457,up
,1.727279385,3.24E-11,up
PANK3,1.727250559,2.08E-12,up
ARID4B,1.72700886,5.61E-13,up
SPAG9,1.72700451,8.83E-10,up
RNF145,-1.726686972,0.000116383,down
GLUD1,1.726322476,1.29E-07,up
ZNF83,1.726084804,5.22E-08,up
ERC1,1.725801049,6.68E-05,up
EPB41L5,1.725782559,2.63E-06,up
DPYSL2,-1.724763,1.24E-09,down
TMEM8A,1.724554168,1.06E-09,up
EIF1AX,1.724522483,1.31E-13,up
IRF1,1.724315175,0.000456384,up
SH3GLB1,1.724000524,8.41E-16,up
SNX1,1.72394207,2.34E-09,up
GALK2,1.723928797,4.94E-09,up
LOC101930415,1.723522434,1.94E-07,up
ADA,1.723281937,1.19E-09,up
CHORDC1,1.722385028,1.07E-13,up
ZFAND3,1.722211993,1.49E-16,up
CYB561,1.721751378,9.29E-07,up
PCDHA1,1.721349909,0.004352223,up
FAM91A1,1.721056524,1.05E-17,up
USO1,1.720586734,2.08E-13,up
SLC31A1,1.720493783,7.04E-10,up
HIAT1,1.720385112,3.92E-17,up
EDNRA,1.720356336,1.67E-05,up
TRAPPC3,1.720325643,9.32E-16,up
TPPP3,-1.72004835,0.0001749,down
SNX33,-1.719829336,5.96E-25,down
MFHAS1,1.719517552,4.63E-07,up
C8orf33,1.718861706,2.03E-08,up
MED14,1.717915741,8.48E-12,up
CSE1L,1.717734545,8.09E-16,up
,-1.717342538,4.68E-08,down
DAPK3,1.717213119,1.50E-08,up
SLC35F5,1.717139685,2.49E-14,up
FAM150B,-1.717032594,0.000216016,down
CPAMD8,-1.716873357,0.000159102,down
DNAJC22,1.716830786,0.003011795,up
ELF1,1.716746594,3.00E-11,up
ARHGAP30,1.71671893,8.19E-06,up
ADRB2,-1.716199888,5.21E-05,down
CYCS,1.715946783,2.11E-16,up
MND1,1.71592765,0.000610136,up
CNOT6,1.715676063,1.41E-15,up
SYCE1L,-1.715140825,3.38E-15,down
,-1.71473879,1.00E-08,down
GIMAP2,1.713365622,7.86E-05,up
,1.713163881,2.32E-15,up
PCNXL2,-1.713065161,1.69E-08,down
MECOM,-1.712629706,3.58E-08,down
CUL4B,1.711971811,2.12E-12,up
PARD3,-1.71191665,6.57E-10,down
CTPS2,1.711494056,3.64E-08,up
GNAS,1.711128594,0.001371938,up
ARID1A,1.709745364,2.69E-16,up
LINC01140,-1.70960607,6.85E-06,down
MIF,1.709027832,4.91E-17,up
PSMD5,1.70865458,9.09E-14,up
ZNF746,1.708394091,5.52E-15,up
DRG2,1.708375105,1.26E-12,up
FERMT2,1.708058748,0.001788463,up
B3GNT1,-1.707900538,7.47E-16,down
BASP1,1.707824531,5.95E-06,up
EEF1D,-1.707690434,4.05E-13,down
,1.706828993,6.23E-10,up
RAD51,1.706700105,5.17E-05,up
C4orf3,1.70648379,6.10E-17,up
,-1.706220021,8.56E-06,down
PSMB3,1.706022657,2.43E-06,up
LILRB4,1.704926685,9.29E-05,up
ZNF300P1,-1.704815266,3.21E-12,down
ZBTB8A,1.704574042,3.12E-13,up
EIF2AK3,1.704469476,2.67E-17,up
UCHL1,1.704006573,0.021332429,up
,1.703962441,3.64E-10,up
FLJ20021,-1.703463741,6.37E-15,down
RCAN2,-1.703432133,1.58E-06,down
ATF6,1.702887552,1.32E-28,up
TLE4,-1.702687077,9.50E-07,down
FILIP1L,1.702417664,0.000454033,up
SEZ6L2,1.701761217,0.002419126,up
MAP4,-1.701414371,4.21E-15,down
PSMB8,1.701181336,0.00031856,up
PLEKHA2,1.701025035,3.32E-05,up
DNAJB14,1.700921986,2.15E-10,up
CHKA,1.70062728,1.50E-07,up
UBA5,1.700108972,1.66E-11,up
ATG12,1.699769748,2.16E-14,up
PPP1R10,1.699675434,2.46E-08,up
UACA,-1.699390552,2.07E-10,down
H3F3A,-1.699358231,7.89E-06,down
GCLC,1.699303315,6.93E-12,up
KANK4,-1.699187,0.022375739,down
APOOL,1.699125056,1.54E-10,up
LINC00667,-1.698640741,1.23E-05,down
ADAM10,1.698621671,1.57E-06,up
,-1.698471105,8.85E-08,down
ANKRD28,1.698083217,8.69E-07,up
SEPP1,-1.697384448,8.04E-05,down
,-1.695711266,2.00E-21,down
STAG1,1.695603769,9.70E-13,up
DNAJC15,1.694995028,0.000392743,up
MTA3,1.694935594,1.64E-12,up
ABLIM1,-1.693521455,1.49E-07,down
EIF3C,1.693257846,2.05E-09,up
KDM6A,1.692246664,5.79E-11,up
QRSL1,1.691420014,3.72E-07,up
BRPF3,1.691045434,7.31E-09,up
POLE2,1.690675105,0.000107896,up
C21orf2,-1.690266909,3.01E-35,down
ALAS1,1.69024558,5.12E-11,up
RNPEP,1.690193524,2.11E-17,up
ICA1,1.689763811,4.29E-06,up
PDE1C,-1.689493965,1.67E-13,down
NFASC,-1.689372839,0.005502754,down
TM4SF1,1.689198273,0.003464072,up
SYDE1,-1.688509238,1.70E-13,down
POMT2,-1.688407965,1.22E-08,down
,-1.68837993,8.21E-11,down
TBC1D5,1.68815593,2.95E-12,up
,-1.688026203,2.41E-11,down
MAVS,1.687958538,2.73E-07,up
TANK,1.68759549,1.73E-06,up
PILRA,1.687516315,5.97E-08,up
DIP2B,1.687435329,7.74E-14,up
GGCT,1.687155315,1.37E-10,up
EFNA5,-1.685953329,4.78E-05,down
TRIM9,-1.685707986,2.46E-06,down
DGUOK,1.685613434,4.62E-10,up
MSRB2,-1.685201678,2.72E-09,down
TMBIM6,1.685097552,3.47E-14,up
ANXA7,1.685033685,7.85E-18,up
DENND2A,-1.684823203,2.35E-26,down
DHDDS,-1.684272301,5.55E-14,down
GPR116,-1.683585839,1.85E-06,down
GSDMB,1.683068831,0.039198967,up
AVPR1A,-1.682871986,4.23E-07,down
LRP1,-1.681967748,7.68E-08,down
RCBTB1,1.681731343,2.39E-09,up
BLOC1S2,1.681003804,3.06E-19,up
SKA2,1.680994133,6.39E-06,up
ALDH7A1,-1.680780042,8.68E-21,down
UBE2D1,1.68042258,2.46E-14,up
NGLY1,1.680289853,2.84E-11,up
FAM220A,1.680057573,3.54E-17,up
C19orf10,1.68001751,3.20E-18,up
UBXN7,1.678933573,9.87E-08,up
PIAS3,1.678737594,9.85E-07,up
RABL3,1.678555685,1.29E-09,up
GALNT3,1.678542734,0.000251012,up
AGPS,1.678126469,2.24E-05,up
RNF138,1.678115755,3.75E-12,up
MB,1.678104797,0.001551836,up
HSPA12A,-1.677556923,1.88E-06,down
TNPO1,1.677408762,1.89E-18,up
CTD-2287O16.5,-1.677079783,2.81E-28,down
MAPT,-1.676969077,0.015853585,down
DPM1,1.676355524,1.07E-17,up
HIVEP1,1.676312818,5.79E-16,up
SPATA18,-1.676074909,0.000704608,down
GAS5,1.675819203,8.23E-11,up
STK17A,1.675365028,1.77E-10,up
PCBP1,1.675292252,4.69E-18,up
,1.674631601,2.07E-07,up
SLC12A2,1.674457979,0.015425081,up
LRRN3,-1.674432776,1.66E-11,down
GPCPD1,1.674348825,0.000124789,up
RPL27A,-1.674193951,1.06E-22,down
OGT,1.674032566,1.03E-07,up
AK096803,-1.673990077,2.91E-38,down
CHL1,-1.673939399,1.07E-05,down
DBNDD1,1.673238524,2.34E-05,up
SPINT2,1.673140832,1.01E-11,up
OAZ1,1.672974965,3.94E-25,up
BMS1P20,1.672845266,0.012843539,up
MAATS1,-1.672735469,5.64E-06,down
PPM1L,-1.672605455,3.28E-06,down
LOX,1.672573434,0.001837301,up
HIATL1,1.672457112,4.22E-17,up
TTC38,-1.672405853,9.45E-17,down
WDR5,1.672400133,1.01E-07,up
LRRFIP1,1.672395357,7.52E-15,up
ZDHHC4,1.672059259,7.46E-06,up
LINC00657,1.671972098,5.41E-10,up
SUPT16H,1.671901336,6.51E-06,up
MED10,1.671415573,6.78E-10,up
TIMM17B,1.670866657,5.32E-11,up
CREB5,-1.670601601,4.36E-06,down
PSMA7,1.67049435,5.19E-12,up
RGS5,1.670283727,0.001611385,up
MUM1,1.669450769,3.54E-09,up
MSL1,1.669329685,0.000257421,up
RSRC2,1.668976615,9.00E-24,up
CCR1,1.668499923,9.47E-05,up
ZFP36L1,1.668375713,3.23E-05,up
HYMAI,-1.66811386,1.22E-07,down
DAPP1,1.668047601,0.000355942,up
,-1.667948713,2.65E-20,down
NT5DC1,1.667656888,5.39E-09,up
COL4A6,-1.667552,2.43E-05,down
MTMR9LP,-1.667304573,5.49E-26,down
BAIAP2-AS1,-1.666990643,0.000149505,down
STX16,1.666765154,1.10E-10,up
NETO2,1.666756552,0.002811927,up
,1.666590552,9.98E-06,up
,1.666263979,9.07E-11,up
AC092620.2,-1.666248021,0.000134754,down
PRIM2,1.666156469,0.000104744,up
FUNDC1,1.666132329,1.28E-08,up
DYM,-1.666114196,4.57E-10,down
EIF3J,1.666062587,4.54E-17,up
NME6,1.665851762,1.01E-14,up
SCO2,1.665750462,8.57E-09,up
GOLT1B,1.665437657,3.80E-13,up
SMAD5,1.665308112,3.41E-08,up
NALCN,-1.665133273,5.19E-06,down
PPAP2A,-1.665131322,1.64E-09,down
CYC1,1.664971748,1.02E-08,up
MEN1,1.664850986,8.88E-15,up
NAB1,-1.664833986,3.53E-07,down
RBM25,1.663656238,2.92E-19,up
L3MBTL2,1.663424168,2.21E-15,up
GSKIP,1.663289252,1.35E-13,up
NUP205,1.662984392,5.33E-09,up
RPS24,1.662445853,4.84E-10,up
ARHGEF26,1.662204028,5.91E-05,up
CCSAP,1.66219393,3.35E-09,up
LAMP5,1.661871685,0.011636159,up
SNX5,1.661372671,1.18E-13,up
ERLIN1,1.661264378,1.11E-05,up
,1.661210867,0.000689975,up
,-1.660385832,0.002222032,down
AHNAK,-1.660340259,2.91E-05,down
DDX21,1.660293972,2.24E-12,up
BOP1,1.65990542,0.000408506,up
,1.659882664,2.00E-07,up
IRX2,-1.65933751,0.015306705,down
FBLIM1,1.659312622,3.42E-05,up
OLR1,1.659161811,1.95E-05,up
PRDM2,1.659035035,5.11E-13,up
FAM199X,1.658810951,1.97E-10,up
NAGA,1.658363294,1.11E-15,up
,-1.658309497,2.19E-07,down
CHMP5,1.657712993,6.20E-14,up
PAQR7,-1.656789804,3.55E-15,down
CRY2,-1.656122448,7.45E-12,down
TMEM198B,-1.655991343,2.29E-13,down
MICU3,-1.655323699,1.81E-10,down
CDK8,1.655298825,2.32E-06,up
KANK1,-1.655247049,9.12E-05,down
VIT,-1.654507448,2.99E-05,down
MANEAL,1.654438399,0.002161377,up
FRZB,-1.654338224,0.003497187,down
RITA1,1.654240601,1.11E-13,up
TBRG1,-1.653633706,3.36E-13,down
TMEM259,1.653589517,6.16E-10,up
TMEM2,1.653364818,3.42E-10,up
MED13L,1.653363371,1.82E-05,up
ANTXR1,1.652545741,0.000149196,up
TSPAN1,1.65239951,0.016090887,up
HSPA5,1.652236923,4.70E-21,up
CISD2,1.652218993,8.34E-15,up
OBSCN,-1.652105944,3.17E-09,down
BBX,1.652102462,6.47E-10,up
ITSN2,1.651351937,1.58E-09,up
MORN2,1.650368385,9.27E-10,up
,1.649949615,1.69E-08,up
MAGI2,-1.649646699,0.000148502,down
FBXW2,1.649352259,5.84E-13,up
INTS12,1.649173336,9.10E-13,up
ZAK,-1.649056462,5.69E-10,down
TMEM126B,1.648960196,1.70E-13,up
SUGT1,-1.648731049,4.03E-32,down
PLCB1,-1.648526958,0.005977886,down
FLJ11292,-1.648423336,7.17E-32,down
ATG16L1,1.648239867,5.44E-09,up
SH3RF1,1.647959692,5.94E-06,up
TRIM14,1.647880035,1.32E-08,up
MTF2,1.647590161,1.22E-09,up
LMNA,-1.647545713,2.05E-13,down
TUBD1,1.646952846,2.95E-05,up
PPP1R16B,-1.645526797,3.21E-08,down
PLS1,1.645489713,0.001525881,up
TP53I11,1.645168014,4.60E-08,up
EPYC,1.644946965,0.016667052,up
GYPC,-1.644098049,1.80E-10,down
IRAK3,-1.643919881,0.00055348,down
,1.64378919,8.41E-05,up
PIK3R4,1.643542671,7.74E-17,up
ST6GAL2,1.643512881,0.00364587,up
FNTA,1.643399531,5.21E-08,up
MIR155,1.642706566,0.002936659,up
RIOK2,1.642183797,2.43E-18,up
RAP2B,1.641744762,7.10E-13,up
TMEM123,1.641495769,8.13E-09,up
ARHGAP18,1.641180196,4.06E-06,up
GOSR1,1.640911587,2.71E-09,up
GAL,1.640643545,0.015533369,up
FDX1,1.640375636,6.94E-09,up
CKLF,1.640153867,7.15E-15,up
FAXC,1.639459524,0.002258898,up
PAFAH2,1.639431881,7.68E-08,up
C8orf76,1.63921549,6.85E-09,up
BAG5,1.638529594,7.75E-10,up
GIMAP8,-1.638152594,9.87E-06,down
SCAF11,1.63810442,2.71E-19,up
BEX2,-1.638044007,0.009084218,down
KAT6B,1.637985699,9.23E-05,up
TMEM63A,1.637581839,6.65E-08,up
RHOC,1.637148448,5.64E-10,up
PPIL1,1.636601427,7.68E-12,up
CDH5,-1.636387392,9.96E-08,down
CHDH,-1.636153853,6.92E-10,down
MSX1,-1.63606979,1.52E-08,down
DNAJA2,1.635709252,1.00E-12,up
MYL9,-1.635510133,6.67E-05,down
ARPC2,1.635344615,3.45E-22,up
TMEM101,-1.635273196,3.93E-05,down
RAP2C,1.635026846,2.42E-08,up
DNAJC16,1.634979517,1.10E-09,up
TTF2,1.634564105,9.56E-10,up
,-1.634267587,1.25E-07,down
SEC63,1.63379979,1.23E-09,up
ADCY7,1.633770531,1.10E-06,up
TNC,1.63317507,0.003102889,up
RTCA,1.632353406,9.53E-14,up
RP1-86D1.3,1.632197035,5.10E-05,up
EIF2S2,1.631666434,1.99E-16,up
MCM7,1.631253818,1.37E-06,up
TEF,-1.631042643,8.13E-10,down
TOB1,1.63092228,1.70E-06,up
,-1.63083279,1.18E-08,down
NUBP1,1.630678343,1.23E-17,up
SRXN1,1.629969371,5.56E-08,up
EPN2,1.629597105,5.34E-09,up
TSPAN3,1.629167979,4.99E-06,up
DTNBP1,1.628578266,2.18E-14,up
MCM3,1.628475224,1.50E-09,up
,-1.627154692,3.63E-19,down
FAM149B1,1.625748909,6.92E-07,up
PPP1R14B,1.625449077,4.75E-12,up
,-1.625384692,5.08E-31,down
PSMB9,1.624632245,0.005697181,up
MAN2A2,-1.624609497,4.12E-13,down
LSM12,1.624447818,2.19E-13,up
ACER3,1.623546091,5.83E-06,up
PTS,1.623511531,1.84E-12,up
TMEM254,1.623351573,1.71E-06,up
ARGLU1,-1.623308098,3.02E-09,down
GFM2,1.622923336,5.53E-07,up
SRD5A1,1.622675301,0.002326781,up
ZNF117,1.622050021,4.90E-05,up
TSSC1,1.621862455,5.80E-12,up
PTCH1,-1.621525497,0.000999331,down
NR1D2,1.621389923,8.05E-07,up
GTPBP2,1.620686944,3.23E-10,up
TBC1D30,1.620347955,0.001507875,up
,1.620275951,0.018829027,up
AMZ2P1,1.619794273,2.33E-09,up
RAD23A,1.619545965,2.18E-10,up
IFIH1,1.61944951,0.000469749,up
TMEM47,-1.619299923,0.000475463,down
IGJ,-1.619092252,0.03498166,down
,1.618862825,1.14E-06,up
B2M,1.618361259,3.29E-15,up
SOD2,-1.618169741,2.49E-06,down
SLC7A11,1.61761021,0.000918209,up
SERBP1,1.617098923,7.59E-12,up
ZCCHC14,1.616918301,1.94E-11,up
PHF1,-1.616909098,7.09E-21,down
CHCHD1,1.61657,4.94E-15,up
CDCA7L,-1.616390944,0.000504,down
TUBB2B,-1.615828993,0.002448122,down
NTMT1,1.614627951,7.95E-15,up
,-1.614366,1.41E-11,down
,-1.614325944,5.18E-09,down
PHF23,1.612966287,4.28E-16,up
ETFB,-1.61285186,4.06E-08,down
TIFA,1.612405734,1.36E-05,up
MIR6125,1.612381804,6.31E-15,up
,-1.612157923,1.07E-06,down
GIGYF2,1.61195379,1.88E-12,up
MFAP4,-1.611808462,0.006623033,down
TUFT1,1.611759566,6.25E-07,up
TNRC6A,1.61149042,1.43E-13,up
CDC123,1.611222133,1.27E-10,up
BACH1,1.61108972,1.20E-11,up
CIART,1.610915587,0.001356824,up
GNB4,1.610573832,3.66E-08,up
HCCS,1.610325699,1.28E-07,up
SCRN1,1.61031935,3.02E-05,up
NT5C3A,1.610299105,3.59E-11,up
NRG1,-1.610273399,2.50E-07,down
FAM89A,-1.610221455,2.73E-07,down
,-1.610007538,8.23E-25,down
ATP7B,1.609899713,0.01561962,up
PUM1,1.609888804,4.47E-17,up
KCNC4,-1.60969435,5.71E-10,down
PLXNC1,1.609450559,3.09E-06,up
PDCD10,1.609194196,1.11E-16,up
DNAJC14,1.609174,9.03E-10,up
FAM117B,1.609096455,1.44E-06,up
C6orf136,1.608575133,3.29E-10,up
LYRM9,-1.608269448,1.05E-08,down
GABPB1,1.608253399,1.27E-16,up
SIGMAR1,1.608081133,1.10E-07,up
AX746755,-1.608026671,0.017833316,down
RP11-690I21.2,-1.607617231,5.84E-16,down
PKP4,1.607515853,4.30E-06,up
PPM1D,1.607273287,1.61E-05,up
KLK7,-1.606675713,0.011064635,down
MRRF,1.606451175,1.64E-11,up
GTF2F1,1.605971832,9.37E-14,up
RAMP2,-1.605913266,1.28E-11,down
MIR3656,1.605091336,6.76E-14,up
,-1.604771147,0.000100285,down
,1.604541231,3.01E-06,up
TCF4,-1.604520769,1.87E-07,down
ANKHD1,1.60235058,7.17E-09,up
SH3GLB2,1.601699385,1.24E-05,up
NOM1,1.601542315,1.24E-07,up
PRKRA,1.601132804,2.88E-16,up
PRICKLE1,-1.600671469,3.25E-25,down
LNPEP,1.600279112,6.83E-08,up
PHLPP1,-1.60024149,0.000140751,down
MAP2K4,1.600108608,1.07E-08,up
EXOSC2,1.600057189,5.40E-11,up
WDFY2,-1.599828322,4.00E-11,down
TLCD2,-1.599509364,6.32E-06,down
PI4K2B,1.599036818,3.06E-13,up
TRIM33,1.598286084,5.68E-10,up
SLC38A2,1.59737028,1.94E-10,up
APTX,1.597223566,1.07E-08,up
PANX1,1.59646593,3.54E-12,up
PTEN,-1.59644842,5.71E-06,down
CASP3,1.596324224,1.70E-19,up
ARFGAP3,1.596281692,8.79E-12,up
PTGES,-1.595718692,0.001641678,down
,1.59565449,4.60E-07,up
TK2,-1.595499035,2.44E-11,down
PPIL3,1.59537851,2.91E-08,up
HS2ST1,1.595375077,1.96E-11,up
PPRC1,1.595354203,1.40E-13,up
HSP90AA1,1.595314755,3.52E-16,up
GALNT1,1.595145979,4.67E-12,up
,1.594779266,9.28E-06,up
FZD8,-1.594694888,0.001888354,down
PAPOLG,1.594175804,4.62E-13,up
DNAJC21,1.594125804,2.60E-15,up
HIST1H3A,1.594003685,0.01143948,up
RINT1,1.59384351,1.78E-14,up
ARL6IP5,1.593588175,3.60E-10,up
FSTL1,-1.593543776,1.89E-06,down
,1.593214573,3.96E-08,up
ITPRIPL2,1.593212629,2.05E-05,up
CRYZL1,1.592945161,4.67E-13,up
,1.592307385,0.005145659,up
GSTT1,-1.592207329,0.040295508,down
RPP40,1.591913147,5.09E-05,up
DARS2,1.591852042,2.65E-05,up
HOOK1,1.591413028,2.39E-07,up
RGS19,1.591056063,1.98E-16,up
HMGB2,1.590934126,7.26E-07,up
ASPH,1.590506294,0.000660434,up
TP53BP2,1.59038128,1.09E-06,up
TMOD3,1.589795776,4.87E-12,up
CRYBG3,-1.589456566,1.58E-06,down
SMIM15,1.589391657,1.81E-15,up
NCAPD3,1.588902063,1.94E-12,up
LINC00511,1.588793573,0.009048185,up
,1.588222972,7.48E-06,up
SMC1A,1.58778686,1.29E-13,up
RPL38,-1.587582133,1.56E-21,down
GPLD1,-1.587458189,8.88E-06,down
OVOL1,1.587170741,2.73E-05,up
EMC4,1.586422168,1.94E-14,up
,-1.586244357,4.84E-13,down
UMPS,1.585892951,8.91E-11,up
YRDC,1.585533455,4.19E-06,up
C18orf32,1.585454385,3.18E-13,up
LOC100129550,-1.585287266,6.15E-10,down
RNF170,1.585180203,4.28E-08,up
,-1.585054441,0.001286433,down
HNRNPA2B1,1.584778112,4.20E-32,up
MEF2C,-1.584536937,6.22E-06,down
C6orf211,1.58438886,0.000275688,up
SOCS2,-1.584326818,0.009311441,down
CLDN1,1.584299448,0.025396846,up
FRG1,-1.583678056,4.15E-09,down
AK021977,-1.583674245,0.00023067,down
DLD,1.583346958,2.91E-12,up
NMB,-1.583163629,4.10E-05,down
TMEM50A,1.582565811,3.39E-19,up
AK4,-1.582484629,0.008281676,down
POM121L9P,-1.581550336,1.10E-11,down
SNHG19,-1.581133455,7.31E-07,down
,1.581012601,6.91E-05,up
,-1.580978448,9.08E-08,down
CCAR1,1.580645497,2.83E-06,up
IPO4,1.580169559,6.00E-11,up
KATNBL1,1.580110315,0.000109281,up
RNF19B,1.58006442,1.22E-08,up
POM121C,1.580049126,1.37E-16,up
TXN,1.579909301,3.31E-15,up
MAPRE2,1.579746203,2.79E-07,up
PAFAH1B1,1.578940545,5.32E-12,up
PNPLA8,1.578869147,3.49E-14,up
TRRAP,1.578270119,1.05E-10,up
ALDH1A1,-1.578026028,0.003842766,down
ABTB1,-1.576992035,1.77E-16,down
EN1,1.576714,0.04189045,up
AP1G1,1.576391189,4.20E-09,up
LIMCH1,1.576001245,0.002698011,up
ZNF358,-1.575497364,6.24E-18,down
RNF13,1.575400098,2.55E-15,up
,1.574902357,1.42E-05,up
DUSP10,1.574761133,3.26E-05,up
ICE2,1.574623972,2.10E-06,up
VAMP8,1.57380251,9.23E-15,up
GPRC5B,-1.573310371,1.05E-09,down
SREK1IP1,1.572949308,9.60E-07,up
NFYA,1.572791105,1.13E-06,up
LOC100287166,-1.572326958,7.25E-33,down
INSIG1,1.572101909,1.88E-10,up
,-1.571698154,6.72E-09,down
DNMT3B,1.571571133,2.60E-05,up
SLFN5,1.571015594,0.002933952,up
FAM84B,1.570872741,3.87E-07,up
TRPM7,1.570867755,1.48E-15,up
,-1.570841825,3.47E-16,down
LMNB2,1.570378329,1.17E-07,up
,-1.570021503,2.60E-06,down
PACRGL,1.569972329,1.97E-07,up
TRAPPC8,1.569628042,1.83E-16,up
PLEKHH1,-1.569601601,0.000169882,down
CHAMP1,1.569457399,3.13E-10,up
NSUN6,-1.569140112,2.65E-07,down
LOC100506076,1.568415804,0.000703246,up
FMO1,-1.568353287,0.006056761,down
SLC39A11,1.567689776,3.85E-05,up
,1.567509776,2.39E-15,up
TMEM33,1.567430469,5.79E-11,up
NAP1L4,1.567166273,2.21E-14,up
AKT3,-1.566931357,5.06E-06,down
CAAP1,1.566853063,1.63E-10,up
C2,1.566741937,0.000176183,up
UNC5B,1.566725252,4.73E-06,up
GNPDA2,1.566589266,1.18E-06,up
CHMP2B,1.566494035,1.12E-14,up
PLEKHA4,-1.566032825,1.70E-12,down
CCDC50,-1.565898245,8.08E-09,down
LOC101928717,1.565835951,2.56E-06,up
WDR77,1.565658084,2.03E-10,up
,-1.565338776,0.00053733,down
MSMO1,1.564673427,3.87E-07,up
PPP2R2C,1.564624182,0.007993332,up
,-1.56453072,1.74E-05,down
STK24,1.564491923,2.68E-10,up
FOLH1,-1.564048734,1.33E-08,down
RGS2,-1.563938357,0.001944153,down
ZNF165,1.563730517,0.000491971,up
IL6ST,-1.563660175,0.004021719,down
SOSTDC1,-1.563422979,0.007648265,down
IPO9,1.563375322,1.05E-16,up
MIR1204,1.563354524,0.000143273,up
LOC101060604,-1.562980301,8.28E-10,down
,1.562126972,0.003195457,up
KIZ,-1.562087042,7.11E-17,down
ALG8,1.561824056,8.74E-09,up
ATP6V1D,1.561721965,1.70E-15,up
,-1.56136907,1.49E-05,down
FUT8,1.561244678,0.000355043,up
NIF3L1,1.561186028,7.92E-14,up
C3orf18,-1.561026699,1.46E-08,down
PYCRL,1.560587587,1.93E-05,up
ESAM,-1.560388804,1.64E-10,down
CCT6A,1.559814972,3.21E-14,up
HABP4,-1.559122462,1.15E-20,down
TMEM45B,1.558906364,0.026848492,up
ANKFY1,1.558524601,6.97E-08,up
DCPS,1.557752867,1.93E-08,up
LOC100507557,-1.557648692,5.38E-14,down
CDK6,1.556991063,0.001724996,up
HNRNPLL,1.556914986,1.02E-10,up
ALG9,-1.556657622,1.60E-13,down
SLC7A1,1.556297657,4.86E-06,up
SBNO2,1.556112678,2.92E-15,up
DAPK1,1.556016392,0.000272386,up
SLC5A3,1.555924965,3.63E-10,up
,1.555190909,0.000620328,up
SUPT4H1,1.555062958,1.01E-10,up
LOC101243545,-1.554971657,3.35E-17,down
LINC00263,1.554828035,1.60E-08,up
UFM1,1.554776524,6.82E-07,up
TOR1B,1.554379972,8.98E-15,up
SUB1,1.554251189,3.06E-12,up
RABGGTB,1.553953252,7.95E-14,up
MEST,-1.553826797,0.019108892,down
S1PR3,1.55329793,0.000921816,up
GOT2,1.553214951,6.83E-13,up
MRPL19,1.55215707,2.89E-13,up
MST1R,1.551604881,0.000224945,up
GPR144,-1.551075545,8.01E-36,down
,-1.550804727,0.000409925,down
KIF3A,1.550716287,7.56E-07,up
MEDAG,-1.550355776,1.70E-07,down
GPBP1L1,1.550052105,9.39E-11,up
CUX1,1.548875448,1.49E-11,up
FBXL17,-1.548644916,8.28E-11,down
PIGM,1.548603483,8.09E-12,up
NFATC1,-1.548442902,0.000400602,down
PELI2,-1.547967734,5.16E-10,down
FOXO1,-1.547385021,7.94E-09,down
,1.54716607,1.38E-07,up
FOXN3,-1.546860741,1.91E-11,down
PCMTD1,1.546540245,7.00E-06,up
DIAPH2,-1.546523399,2.28E-05,down
FAM126A,-1.546388203,6.40E-06,down
LOC101929336,1.546174014,8.04E-12,up
,1.546016259,0.021051245,up
,-1.545698685,0.008667459,down
ABHD14B,-1.54556679,7.37E-09,down
MYO1D,1.545532783,7.65E-06,up
LRRC42,1.545367343,1.75E-09,up
PAIP2B,-1.54531965,3.20E-06,down
CAB39,1.545203685,2.36E-06,up
SEC22C,1.544858727,1.33E-10,up
CDC23,1.54463328,3.92E-16,up
SH3BGRL3,1.544389035,5.19E-16,up
TPI1,1.544134476,2.20E-09,up
IGKC,1.543663615,0.025548139,up
SH3RF2,-1.543632636,3.99E-08,down
SNORD89,1.543569979,4.67E-14,up
COPS5,1.54334435,1.97E-12,up
ZNF567,1.543306336,6.94E-10,up
SDK2,-1.542503524,0.000214764,down
SPATS2L,1.542420811,2.82E-10,up
GPX8,1.542409385,0.000117143,up
DSPP,-1.54220207,6.52E-29,down
PLK1,1.54217751,0.001934175,up
SUMO1,1.542120825,2.66E-20,up
NBPF20,1.542085524,2.54E-06,up
,-1.541780685,1.21E-40,down
SZRD1,1.541375014,2.88E-14,up
ZMPSTE24,1.541362874,1.43E-19,up
RPL15,-1.54119621,2.46E-12,down
CDK4,1.541007783,2.96E-09,up
SERP1,1.540342944,7.50E-15,up
PACSIN2,1.540241944,8.02E-08,up
NLGN4X,-1.540051224,0.007492886,down
PRMT5,1.539896056,1.30E-13,up
C12orf49,1.539869413,3.17E-13,up
MYO5A,1.539717755,2.70E-08,up
CDYL2,1.539422245,0.000273364,up
POLR2D,1.538813168,2.03E-11,up
ADORA1,-1.538376133,0.000230569,down
C7orf55-LUC7L2,1.537796853,6.04E-16,up
TBK1,1.53722572,2.42E-16,up
EPHB3,1.537168042,0.003792589,up
PRIMPOL,1.537032462,1.50E-05,up
PPM1H,1.53677393,0.001206728,up
MAGI3,1.536583007,0.000126052,up
RCOR1,1.536382028,1.35E-12,up
PIGH,1.536283434,3.04E-09,up
RASA2,1.536114448,9.85E-08,up
MIOS,1.535770007,7.97E-14,up
ZBTB10,1.535377958,5.43E-05,up
,1.534960434,5.88E-08,up
TBC1D4,-1.53478065,1.37E-09,down
CIB1,1.534062888,2.85E-09,up
LTB,1.533747783,0.004793472,up
MAP1LC3B,1.533063636,2.41E-10,up
ATR,1.533042727,6.18E-13,up
RUVBL1,1.532781846,3.16E-10,up
HEXIM1,1.532642427,9.76E-09,up
SKA3,1.532486427,1.19E-05,up
MARK2,1.532241993,2.69E-14,up
NOP16,1.531758315,8.69E-08,up
WDR61,1.531754755,2.11E-13,up
GBA,1.531357007,5.64E-09,up
,-1.53109586,7.04E-12,down
GZMK,1.530984748,0.029657712,up
GCA,1.530913769,8.72E-06,up
,-1.530850448,4.76E-12,down
RSU1,1.530558545,4.22E-09,up
RNF130,1.530432902,4.64E-09,up
C9orf16,1.530406566,1.45E-08,up
,-1.529847748,1.38E-11,down
ARHGEF2,1.52932821,2.55E-08,up
MSRA,-1.529301923,3.82E-08,down
WNK2,-1.528890622,1.12E-07,down
IFRD1,1.528710902,3.11E-06,up
FASTKD3,1.528531986,5.11E-12,up
KHDRBS1,1.528169497,5.78E-25,up
MEAF6,1.527430112,1.94E-13,up
TRIB2,1.52740635,0.0002809,up
SYNRG,1.527249497,5.96E-05,up
,1.526794462,0.00784724,up
SNX10,1.526668608,4.77E-05,up
TNFAIP6,1.526110497,0.000120929,up
RAB23,1.525847825,0.000270556,up
STAB1,-1.525733203,7.90E-06,down
TCEB1,1.525730231,3.45E-12,up
ACAD8,1.525647783,4.37E-07,up
,1.525573189,1.87E-05,up
TMEM19,1.525559685,2.66E-10,up
GBP2,1.525333014,0.002923952,up
TUBB,1.52531965,5.73E-15,up
KIAA0391,1.525227434,3.62E-11,up
RRN3,1.52513151,7.70E-18,up
PPARA,-1.525066594,0.001131268,down
PSMA2,1.525046573,1.10E-14,up
CEP350,1.524901238,4.58E-18,up
FAM126B,1.52451586,7.46E-13,up
SLC9A3R1,1.52399158,0.000318697,up
DMTN,-1.52389621,3.89E-12,down
ARHGEF6,-1.523814315,9.30E-05,down
BDKRB2,-1.523632196,6.57E-07,down
GOLGA8N,-1.523446497,3.04E-15,down
ZADH2,1.522570762,1.57E-07,up
CTAGE4,1.522511895,3.39E-07,up
SMARCA1,1.521724042,0.007102553,up
PTPRZ1,-1.521667,0.001774629,down
MAFF,-1.521593231,1.65E-05,down
AAGAB,1.521289622,5.21E-12,up
RAB11A,1.521196993,3.47E-19,up
KIAA1468,1.52088265,8.40E-11,up
SUSD3,1.520507476,0.041239698,up
GSR,1.520297587,0.000757138,up
,-1.519694888,3.93E-10,down
LINC01315,-1.51932272,0.000676337,down
ARHGEF4,-1.519279965,1.50E-05,down
MAP4K4,1.519067685,6.75E-07,up
NINJ2,1.519056189,0.000146842,up
RASAL2,1.518822692,6.62E-09,up
ZKSCAN8,1.518645028,2.71E-06,up
GTF2B,1.518493664,4.63E-14,up
SLC7A7,1.518488322,4.00E-05,up
TBC1D8B,1.518452776,2.14E-06,up
CCT5,1.517213175,1.29E-10,up
RAB25,1.517061685,8.92E-06,up
ANKRD65,-1.516864965,2.82E-28,down
TREM2,1.516630035,9.13E-07,up
PSAT1,1.516598476,0.025793178,up
TRO,-1.516553035,0.000780255,down
RPL7,1.516458133,8.90E-07,up
C9orf117,-1.516215364,6.09E-34,down
ODF3B,-1.515940175,8.27E-05,down
NARS2,1.515750007,1.33E-10,up
SF3B6,1.515727552,5.29E-14,up
C14orf132,-1.515591273,0.002956961,down
EIF1,-1.515403888,7.31E-08,down
YDJC,1.515247587,4.01E-15,up
OSR1,-1.51485428,0.000244641,down
KNOP1,1.51453749,2.37E-11,up
CA8,1.514254902,0.014706156,up
,-1.513965455,9.89E-05,down
BC022047,-1.513799161,1.38E-07,down
DGKA,1.513553951,3.14E-06,up
LOC728392,-1.513445462,3.17E-05,down
PRO2852,1.513246007,3.20E-09,up
MED19,1.513156378,1.39E-13,up
GOLGA3,1.512870448,2.01E-13,up
,-1.512542406,4.57E-08,down
ZNF200,1.51233835,4.97E-13,up
KDELC1,1.512184196,1.83E-07,up
TRIM68,-1.51202472,0.000541532,down
TXNDC16,1.511965273,8.78E-06,up
,-1.511588958,2.46E-15,down
TTC12,-1.511545853,1.66E-05,down
NXPH3,-1.51143521,5.68E-14,down
FLNC,-1.511396699,2.19E-14,down
,1.511021706,3.09E-11,up
PRKAG1,1.510916273,1.31E-13,up
LAMTOR3,1.510753224,4.67E-14,up
ERLEC1,1.510700336,1.88E-18,up
PIGW,1.510527741,2.65E-06,up
SLC43A3,1.510457804,7.64E-05,up
ACSL3,1.510403182,4.10E-09,up
ANKRD50,1.510224,2.07E-06,up
PCBP4,-1.509549972,7.55E-10,down
SLC6A6,1.509438601,5.49E-10,up
SPC25,1.509344091,0.00080267,up
EIF4G1,1.508917154,4.79E-10,up
NEDD4,1.508712692,0.000110025,up
,1.508712622,4.01E-06,up
DAPK1-IT1,1.508107063,0.000122808,up
WWC3,1.507809524,6.40E-07,up
IMPA1,1.507676434,3.48E-12,up
SMOC2,-1.507198392,0.009109458,down
MYRIP,-1.506944979,0.000255114,down
DLEU2,1.506899028,1.51E-10,up
RP11-373D23.2,1.506753007,0.000858286,up
COX20,1.506737881,2.74E-07,up
FAM20C,-1.506432161,1.34E-05,down
SCUBE3,1.506214196,0.023597511,up
LDHA,1.506151259,2.20E-13,up
SLK,-1.506074154,8.34E-09,down
LOC102725198,-1.505640545,2.86E-10,down
,1.505366615,9.51E-15,up
TRPC1,-1.505291713,3.22E-07,down
CLTC,1.50521035,1.44E-10,up
SLC6A8,1.505188231,0.000317993,up
SH3TC1,1.504523392,9.87E-06,up
FAM208A,1.504247958,4.30E-15,up
TDRP,-1.50423151,1.96E-05,down
FZD7,-1.50421458,0.000121904,down
HINT3,1.504193825,0.00231918,up
CASC4,-1.503933063,2.61E-08,down
SRPK1,1.503877336,2.48E-08,up
,-1.50349249,8.79E-41,down
PKP1,-1.503424755,0.036978655,down
RP11-589P10.5,-1.503243629,1.07E-07,down
PFKFB3,-1.503221895,2.92E-05,down
CDK2AP2,1.503170455,2.76E-11,up
USP1,1.503148105,2.84E-06,up
MAD1L1,1.503032839,1.42E-09,up
TMEM246,-1.502916112,2.18E-18,down
MRPS17,1.502667147,1.21E-07,up
CEP78,1.502331895,2.81E-06,up
WWTR1,1.502175636,0.005948856,up
CTDSPL,-1.502110014,2.77E-07,down
,1.502021399,6.71E-10,up
STAT5B,-1.50166249,5.31E-08,down
WWP1,1.50145042,1.41E-05,up
MYSM1,1.501126986,1.65E-11,up
CSTF3,1.500913958,4.08E-06,up
ZBTB46,-1.500158161,1.28E-08,down
SSRP1,1.50008493,1.63E-10,up
ZDHHC13,1.500066741,1.77E-07,up
SRGAP2,1.499205853,5.22E-06,up
ELMOD3,-1.499038916,7.03E-12,down
CNPY2,1.498757091,7.97E-17,up
CYGB,-1.498510979,4.19E-09,down
,-1.498270699,2.89E-22,down
ENO2,1.49784479,0.012764284,up
TRIM32,1.497796091,6.86E-10,up
BIVM,-1.497615266,7.59E-20,down
SLA,1.497597357,0.000175806,up
VASH1,1.49751279,2.16E-05,up
AKIRIN2,1.497224944,8.48E-10,up
BLCAP,-1.497180524,5.22E-13,down
SYT8,-1.496981161,1.19E-07,down
CCND1,1.496871573,0.003841874,up
,1.496864552,0.001015534,up
,-1.496705441,1.28E-11,down
MEGF8,-1.496518063,1.09E-10,down
SFRP2,1.496476559,0.011795129,up
PLK4,1.49635349,0.000686917,up
DNAH7,-1.49631858,1.63E-12,down
TTC39A,1.495644266,0.020770538,up
PTGS1,1.49538321,0.000688844,up
,-1.495235028,3.89E-09,down
CDCA2,1.495162154,0.001918931,up
,1.495117406,3.28E-12,up
TWSG1,1.493978378,1.50E-06,up
ZDHHC2,-1.493726797,0.001305996,down
DNAH14,1.493568797,0.000226917,up
,1.493519336,3.22E-05,up
PRRG4,1.493306664,1.25E-05,up
EFNA4,1.492750846,2.14E-06,up
EFCAB4A,-1.492691007,0.003166007,down
,-1.492474524,5.05E-22,down
ALCAM,1.492243713,0.004405939,up
,-1.492213385,6.17E-08,down
BOK,-1.492046699,5.13E-05,down
CCDC109B,1.491759587,8.23E-09,up
EPOR,-1.491663692,1.69E-08,down
TNFRSF19,1.491431266,0.018855417,up
JAG2,-1.490992671,1.21E-10,down
WDTC1,-1.490599755,2.38E-19,down
,-1.490006979,5.81E-06,down
UBE2L6,1.48997435,3.81E-05,up
,1.489189406,7.12E-07,up
PKM,1.488991392,4.60E-12,up
,1.488989049,9.61E-07,up
PPP2R5E,1.488906154,8.89E-22,up
,-1.488761056,0.000206556,down
ZFAND5,1.488644343,1.10E-10,up
ITPR1,1.488309699,0.00416458,up
AP1S1,1.488134322,2.45E-07,up
SIGLEC1,1.488131315,0.009730238,up
TCEAL8,1.488021783,7.88E-08,up
,1.48750559,0.013853374,up
APH1B,-1.487453916,0.000170249,down
TNFRSF10D,-1.487447818,1.69E-06,down
RASD1,-1.487316357,0.015762294,down
FKSG49,-1.487161147,2.24E-22,down
ABCB1,-1.486907573,2.06E-07,down
PEX1,1.486797028,5.86E-09,up
C11orf73,1.486731364,1.00E-11,up
MRPS15,1.48649249,2.05E-12,up
UBE3C,1.486091245,5.94E-12,up
,-1.485660986,4.94E-22,down
CDCA4,1.485644371,6.40E-10,up
TMEM57,1.485305657,1.26E-13,up
DAD1,1.485162259,1.12E-17,up
ARL5A,1.485089343,2.34E-14,up
KIAA1551,1.484816545,2.14E-08,up
MMD,-1.48480228,4.10E-07,down
ZMYND8,1.484627587,1.16E-06,up
WASF2,-1.484351853,1.94E-15,down
RHOBTB3,1.484195538,0.002313834,up
GOLGA8A,1.483842469,6.62E-05,up
RAD50,-1.483716895,1.49E-05,down
INSR,-1.483680993,4.89E-09,down
ZNF302,-1.483557706,2.74E-06,down
,1.483395154,1.62E-06,up
PADI2,-1.48337421,0.022428033,down
SETD2,1.483292,4.47E-15,up
ENY2,1.482625692,2.64E-11,up
DAG1,1.482303594,3.46E-10,up
CD302,-1.481206909,5.75E-05,down
FUBP3,1.481094524,2.19E-07,up
ATP7A,-1.481064259,6.72E-06,down
,1.480893007,0.000896599,up
MTRR,1.480726811,6.18E-07,up
ST5,-1.480401727,6.36E-07,down
HBS1L,1.480135993,1.39E-05,up
RASEF,-1.480040713,3.63E-09,down
PIGO,1.480011993,2.81E-09,up
,-1.479812329,0.00051663,down
HOXC10,1.479741657,0.025098745,up
EPAS1,-1.479636133,2.01E-08,down
VIMP,1.479187916,6.74E-14,up
,1.47874665,2.33E-07,up
PHYHD1,-1.478733161,0.013386054,down
PCBD1,1.478659217,7.88E-08,up
ACADSB,-1.478210594,0.019138509,down
CACNA2D1,-1.478166119,6.85E-05,down
MAP2K1,1.477888881,2.28E-12,up
DIMT1,1.477468552,2.54E-07,up
ACSS3,-1.477449021,0.006951127,down
B4GALT3,1.477404678,9.84E-11,up
SLC12A8,1.477170357,6.00E-06,up
CD2,1.476631797,0.020222476,up
SAT1,1.476432287,6.21E-08,up
COPG1,1.476361049,5.27E-14,up
PSMC2,1.475983566,2.82E-19,up
,-1.475958056,7.68E-36,down
FNDC3B,1.475781406,1.01E-07,up
MYL5,-1.475743168,2.40E-05,down
FOXK2,1.475692608,2.71E-06,up
LOC101929910,1.475253224,0.000693393,up
DHRS3,-1.475171923,3.75E-06,down
MAPK14,1.475150811,9.42E-06,up
KIAA1715,1.474801993,8.80E-08,up
TTC13,1.474786203,8.63E-11,up
ADM,-1.474441343,0.027937298,down
SNX24,1.474432336,3.03E-06,up
PPP2R1A,1.474348797,1.33E-19,up
GNB2,1.474159594,6.51E-20,up
MIPEP,1.473881077,0.00012296,up
PARD3B,-1.473810119,3.65E-05,down
RORA,-1.473778084,8.52E-11,down
CSTB,1.473775245,1.02E-08,up
CSN1S1,-1.473640622,0.006691559,down
GID8,1.473399545,1.23E-11,up
SLC25A36,1.472397329,3.44E-09,up
PDE4DIP,-1.472139643,1.39E-24,down
CTDSP1,-1.471703993,6.33E-11,down
RNF103,1.471345643,1.71E-10,up
,-1.471175469,2.68E-05,down
PQBP1,1.470772979,6.68E-12,up
ITPR2,1.470590266,0.000977032,up
,-1.470547755,2.55E-10,down
KPNB1,1.470133818,8.83E-13,up
FBXL5,-1.469723336,7.16E-08,down
CYP20A1,1.469688503,1.02E-11,up
HMGB1,1.469224825,9.35E-15,up
SOS1,1.469045902,2.01E-07,up
MIR4691,1.468852322,2.97E-10,up
METTL13,1.468357007,2.88E-09,up
C1orf21,-1.46816372,0.011469236,down
DIP2C,1.467959462,4.53E-07,up
PRKAB2,1.467841308,9.26E-07,up
PINK1,-1.467554678,7.97E-13,down
UCHL3,1.46723642,1.04E-08,up
MLF2,1.466932196,4.81E-09,up
PAPSS1,1.466217916,1.01E-07,up
ZC3H15,1.465720993,1.21E-13,up
SLC29A4,-1.465714825,1.84E-09,down
KIN,1.465372448,1.50E-09,up
MRPS6,1.465362483,6.65E-11,up
HAUS1,1.465065762,2.04E-08,up
SLC39A8,1.464685797,0.003786547,up
WDYHV1,1.464651049,2.93E-08,up
PTRH2,1.464650469,2.48E-05,up
AASDHPPT,1.464288888,1.07E-10,up
MAPKBP1,-1.464161483,3.03E-13,down
SSFA2,1.464028734,3.95E-05,up
ARHGAP19,-1.463997112,7.14E-11,down
NRBP1,1.463956336,1.25E-19,up
,1.463872427,0.014477187,up
COPE,1.463492189,3.62E-15,up
TEX30,1.463237378,6.22E-06,up
RNFT2,1.463204923,0.000571145,up
,1.462748664,3.79E-07,up
CTSV,1.462635203,0.001022746,up
,-1.461963035,9.04E-10,down
FBXO16,-1.461920175,4.17E-05,down
PLGRKT,1.461758811,1.16E-06,up
FAM210B,1.461707413,8.66E-07,up
,1.46152249,0.031680849,up
PTPN21,-1.461279762,0.00076106,down
ATXN3,-1.461156839,3.75E-12,down
DPY19L4,1.460990112,3.16E-09,up
MCFD2,1.459898343,1.29E-09,up
GNA13,1.45977014,2.57E-13,up
SEPHS1,1.459344524,1.25E-06,up
BTF3L4,1.459312098,5.93E-13,up
ACADL,-1.459286147,1.25E-05,down
ZNF37BP,-1.459275007,5.75E-08,down
SMARCD3,-1.459268042,7.96E-06,down
FAM69B,-1.458771867,7.51E-06,down
MALT1,1.458745783,8.67E-05,up
FBXO2,-1.458410056,0.000447093,down
MAP2K5,-1.458361497,3.67E-21,down
BCAM,-1.458100378,0.00093381,down
ABCA12,1.457898455,0.03482185,up
CD38,1.457897622,0.027537293,up
EPHB1,-1.457834972,0.000188432,down
WFDC2,-1.457425888,0.040039742,down
CYP1A2,-1.457382587,5.99E-35,down
GDPD1,1.457265413,0.002394741,up
TFCP2L1,-1.457067203,0.039809378,down
NUDT5,1.457015594,1.17E-07,up
KIAA1211,1.456944175,0.009567913,up
WRB,1.456512762,4.87E-10,up
TMEM185A,1.456280762,3.03E-08,up
ATP2A3,1.455805147,0.007236733,up
MFSD11,1.455516573,3.02E-09,up
SLC25A45,-1.455394622,9.34E-24,down
NUDT7,-1.455054441,0.001178028,down
LSM8,1.454990427,1.35E-14,up
PRLR,1.454948692,0.002914606,up
SPAG4,1.454905986,0.004779597,up
SGK1,1.454840455,5.79E-07,up
FAM84A,1.454772769,0.014937734,up
,-1.454611979,0.000177979,down
C14orf28,-1.454478622,2.21E-06,down
,-1.454464685,4.48E-14,down
,-1.453754594,1.76E-15,down
MPLKIP,1.453599958,7.04E-15,up
SPG21,1.453528049,4.26E-19,up
MRPL51,1.453408748,1.17E-09,up
SRGAP2B,1.453406804,2.60E-08,up
NPFF,-1.453307259,1.37E-20,down
IFIT2,1.453282238,0.003359819,up
,-1.453194126,1.32E-21,down
LRCH3,1.453088357,8.38E-07,up
ZNF277,1.452599056,9.08E-08,up
MAD2L1BP,1.452400357,1.76E-13,up
ATPIF1,1.452351329,8.69E-09,up
ERH,1.451870839,5.43E-20,up
CLP1,1.451584259,2.39E-13,up
EAF1,1.450214874,1.98E-16,up
INSIG2,1.450179594,6.48E-08,up
PLD1,-1.449900587,0.000152417,down
ELF3,1.449724483,0.000195425,up
NUP160,1.448522252,2.59E-11,up
ZBTB41,1.44850951,2.60E-12,up
,1.448074301,2.33E-10,up
CYBRD1,-1.447990056,0.00141943,down
HSPB11,1.447208762,5.07E-10,up
KCNAB1,-1.447126832,0.000116231,down
MSRB3,-1.446953021,0.008695077,down
DEPDC1B,1.446913629,0.000137651,up
,-1.446783007,5.11E-12,down
PDXK,-1.446412636,7.65E-06,down
CMC2,1.446339364,3.78E-07,up
CAPG,1.446122434,1.20E-07,up
RGS10,1.445937923,8.23E-08,up
CPM,-1.445633063,0.00023155,down
SNRNP27,1.445565909,8.77E-14,up
SPATA5L1,1.445470783,2.02E-13,up
DDX55,1.445298245,8.18E-11,up
RPS6KA3,1.44507486,7.56E-06,up
SS18L1,1.444910469,5.86E-12,up
AMZ2,1.44474879,4.60E-09,up
MTERF2,1.444675399,0.000187141,up
,1.444213832,0.000863864,up
,1.444172678,0.000896987,up
LINC01094,1.444129427,6.68E-05,up
MRPL34,1.443976559,5.17E-11,up
BPTF,1.443927734,1.99E-11,up
CMAS,1.443810909,8.81E-07,up
TOMM5,1.443648517,1.25E-08,up
,1.443566573,1.75E-10,up
IL27RA,-1.443320112,0.019948965,down
VAPB,-1.443135783,3.65E-05,down
NAPSB,1.442408587,0.004004157,up
,-1.442154706,3.54E-08,down
PDCD6,1.441928021,9.91E-15,up
TMEM91,-1.441869007,3.02E-10,down
DDOST,1.441827832,6.63E-15,up
TGFB1I1,-1.441804084,0.001176743,down
THAP9-AS1,1.441232545,2.16E-09,up
GALNT6,1.44095451,0.036728328,up
CSGALNACT2,1.440230308,1.52E-15,up
DDX17,1.439203958,0.008139406,up
ZC3H7A,1.439039378,8.75E-17,up
ERG,-1.438383245,4.20E-08,down
MKLN1,1.438181706,5.07E-09,up
VASP,1.437911846,1.34E-13,up
FANCD2,1.437793846,0.000220327,up
PLIN5,-1.436931958,6.41E-06,down
MPEG1,1.436925112,0.003205644,up
FAIM3,1.436655455,0.003526175,up
ST6GALNAC5,1.436571783,0.026995657,up
MFNG,-1.43618165,6.64E-08,down
PDCD2L,1.435925161,1.04E-05,up
HIST1H4J,1.435919,6.88E-05,up
KANK2,-1.435816315,0.000384441,down
PATZ1,1.435619427,7.10E-06,up
DOCK10,1.435212021,4.74E-05,up
,1.43486621,0.016802838,up
NUDCD2,1.434865217,2.71E-13,up
ANKRD37,1.434507538,0.00154909,up
FXYD3,1.434319685,0.008860195,up
LCLAT1,1.434278664,1.07E-11,up
PGM2,1.433869385,1.39E-05,up
RP11-350F4.2,1.433819685,2.55E-05,up
NAA35,1.433727343,1.40E-10,up
SLC2A13,1.433611021,0.00030172,up
LOC283070,1.43359051,0.003524805,up
JMJD7-PLA2G4B,-1.433454476,1.22E-08,down
NAPG,1.433285825,3.84E-10,up
,1.432769476,6.74E-07,up
GON4L,1.432125734,6.53E-08,up
NRXN3,-1.43204551,2.12E-05,down
RBM26,1.431907273,4.49E-11,up
EPN3,1.431754035,0.000244675,up
ASB1,-1.431704028,2.89E-13,down
PDZD11,1.431541322,6.83E-15,up
TXNIP,-1.431388084,2.16E-07,down
PTK6,1.430739937,0.001319428,up
MAB21L1,-1.430566888,1.25E-08,down
,-1.429727455,7.48E-29,down
,-1.429557853,4.19E-10,down
C15orf52,-1.429280923,0.00242378,down
SNRPA1,1.429141315,4.64E-07,up
,-1.428816531,2.37E-06,down
UBE2K,1.428690322,1.96E-15,up
SORBS3,-1.428494231,4.35E-15,down
JAK3,1.428258448,0.003375114,up
DSC2,1.427060517,0.008609634,up
IPPK,1.426727524,5.01E-11,up
,-1.426704294,2.66E-06,down
NCAPH,1.426561804,0.001255303,up
P2RY14,-1.426518951,0.000201764,down
HDAC5,-1.426378944,2.67E-11,down
COL27A1,-1.426272958,0.0032948,down
RPS29,-1.426267063,3.95E-06,down
NOVA1,-1.426245741,0.007629808,down
CAMK1,-1.426092294,1.20E-07,down
ISCA1,1.425812993,1.79E-10,up
RCHY1,1.42565835,3.71E-11,up
PRSS8,1.425519308,4.92E-05,up
SLC39A10,1.424766133,6.00E-10,up
PPP3CB,1.424360524,2.68E-09,up
FREM1,-1.424292664,2.55E-13,down
STK35,1.424243531,1.35E-11,up
RPS6KA2,-1.424043776,2.15E-06,down
NDFIP1,-1.423922734,8.46E-10,down
PCYOX1,1.423795336,3.53E-06,up
ZNF639,1.423696182,4.67E-06,up
PHAX,1.423582231,3.01E-19,up
MORC2,1.42341586,4.81E-07,up
HEY2,-1.423313986,0.002344274,down
BRWD1,1.422894392,1.19E-05,up
CALB2,-1.42288779,0.022494741,down
IMMP1L,1.422789671,2.98E-08,up
CTSO,1.422639266,7.18E-05,up
,1.422564406,3.26E-11,up
FAM219B,-1.422390685,4.73E-12,down
SRP19,1.422341427,1.02E-22,up
CAMSAP3,1.422243364,2.02E-06,up
,1.421570993,0.002840065,up
SLC30A6,1.421453573,2.18E-13,up
C1GALT1,1.420914203,0.000653383,up
,-1.420422056,1.06E-08,down
FAM45A,1.420299643,1.70E-11,up
ENPP1,1.419682427,0.033545931,up
DOCK5,1.419464441,0.00096667,up
,1.419327441,2.39E-08,up
SALL2,-1.41904386,0.000273876,down
,1.418855091,1.59E-10,up
AKAP13,1.418787462,4.69E-09,up
C1QTNF6,1.418690524,8.58E-06,up
ELOVL1,1.418663748,2.27E-13,up
CCDC64,1.41865342,3.21E-05,up
,-1.418432049,5.19E-07,down
STARD3,1.418155,0.028131941,up
ZYG11A,1.417735825,0.004013078,up
LRRC1,1.417629993,1.26E-08,up
NDUFS1,1.417603105,6.54E-14,up
EGFL8,-1.417436923,6.30E-08,down
LRRC8E,1.417433154,5.43E-07,up
GPER1,-1.417119021,1.03E-05,down
AHCTF1,1.417104056,2.07E-11,up
RAI2,-1.416710685,0.014030298,down
,1.41647228,0.004050275,up
MIR6878,1.416446028,6.82E-09,up
ZXDC,1.41642907,1.14E-14,up
KDM3A,1.416316776,6.35E-12,up
MXD1,1.415877734,0.000281298,up
SDCCAG3,1.415321378,3.52E-10,up
SCFD1,1.415267294,2.90E-13,up
A2M,-1.414030839,3.59E-06,down
HAVCR2,1.413844196,2.39E-06,up
SGCG,-1.41377658,1.71E-05,down
MYH9,1.413594517,3.00E-11,up
MIR205,-1.413586993,4.98E-08,down
RND1,1.41351993,0.002789447,up
MOCOS,1.413468294,0.007368456,up
LOC100506990,-1.413382448,6.24E-05,down
PPM1G,1.412090573,1.33E-12,up
PPP1CA,1.41165565,5.26E-16,up
SF3B1,1.411604797,5.41E-11,up
,-1.411579804,3.33E-06,down
,-1.41131651,5.97E-11,down
BROX,1.411178608,1.99E-14,up
SIM1,-1.410981427,0.002770828,down
IVNS1ABP,1.409884818,1.01E-10,up
VPS29,1.40979472,5.29E-17,up
KLHL3,-1.409737448,5.00E-05,down
RRS1,1.409448217,2.42E-07,up
POMT1,-1.408994671,3.12E-08,down
SLC30A1,1.408952252,2.56E-12,up
LOC101927841,-1.408812,5.81E-09,down
VDR,1.40876342,8.36E-07,up
ACOT13,1.408628007,1.15E-06,up
,-1.408586524,0.000135707,down
SLC30A7,1.408335797,5.55E-15,up
DSN1,1.408257664,2.00E-08,up
PTRH1,1.408173007,1.85E-06,up
C2orf42,1.407662692,2.41E-08,up
SNORA72,1.407381238,8.26E-09,up
ITGA9-AS1,-1.407359713,5.98E-15,down
FAM3D,-1.407095853,2.73E-07,down
,1.406438462,9.46E-11,up
TRIM37,1.406437119,3.93E-08,up
CYP4F12,-1.406420021,1.20E-11,down
NEURL3,-1.406398203,1.53E-07,down
,-1.406126741,1.91E-36,down
SPATA5,1.405818685,9.50E-07,up
STAG3L1,1.405771818,2.27E-12,up
RPS23,1.405037804,0.011092127,up
AP001462.6,-1.404945958,1.07E-13,down
HGF,-1.404616706,7.72E-07,down
C18orf54,-1.404464839,1.34E-05,down
,1.404464706,6.42E-08,up
EHBP1,-1.403814385,1.91E-09,down
BHLHE41,-1.403703105,0.002687388,down
SLC15A3,1.403702853,6.62E-05,up
PRKAA1,1.403478573,0.000342367,up
IQCB1,1.403364196,7.04E-11,up
LSM14B,1.402954,7.76E-08,up
,-1.402609993,4.79E-19,down
DNAJC19,1.40231542,1.12E-09,up
REEP5,1.402210657,2.25E-07,up
UPF1,1.402161231,8.48E-12,up
XRCC4,1.401980657,3.36E-13,up
TSPYL2,-1.401161566,1.23E-11,down
ARSD,1.401137448,0.000107905,up
NIPA1,1.400953168,1.51E-08,up
IGIP,-1.400692601,3.27E-07,down
B4GALT4,1.400404448,1.50E-11,up
ITGAL,1.400320308,0.002181901,up
METAP2,1.400144308,1.47E-13,up
MT1X,-1.399312329,2.10E-05,down
LOC100233156,-1.399245224,0.000887692,down
CXorf38,1.399171189,5.63E-09,up
RALB,1.399094762,5.72E-06,up
SDHB,1.398901378,4.20E-12,up
EMILIN2,-1.398602867,0.000239536,down
FRA10AC1,-1.398104497,9.98E-14,down
,1.396981196,1.38E-09,up
ANKRD36B,1.39628465,2.58E-07,up
ALG2,1.396048559,3.25E-15,up
PI16,-1.396028699,6.33E-21,down
CEP85L,-1.395621189,2.22E-06,down
CEP192,1.395415951,2.87E-08,up
TNFRSF21,1.395118098,0.002083214,up
FBLN7,-1.394759874,1.42E-05,down
,1.39449865,1.24E-08,up
PPP1R12B,-1.394059385,7.20E-07,down
COG1,1.393888923,1.97E-06,up
CHD2,1.393721329,1.21E-06,up
APBA1,-1.393324706,0.000163943,down
MRPL17,1.393290601,3.72E-13,up
CAD,1.392624566,5.84E-09,up
ESF1,1.392523762,1.11E-09,up
PHKA1,1.392213231,1.47E-06,up
GEMIN6,1.392035266,8.67E-11,up
MYLIP,1.392023986,1.04E-05,up
CNST,1.390184566,4.79E-10,up
GMPS,1.389278455,4.63E-06,up
FARP1,1.389275888,0.009288487,up
OAZ3,1.389210552,0.00102516,up
PSMA5,1.388629154,5.42E-15,up
POLR2C,1.388602937,1.18E-10,up
CETN2,1.388531182,1.35E-10,up
PLEKHS1,-1.388411979,0.004087308,down
C11orf52,-1.388302699,0.007511181,down
BIK,1.387990343,0.009618944,up
HLA-B,1.387597133,1.69E-06,up
CMYA5,-1.38677921,0.004615109,down
UBXN1,-1.386713336,2.51E-20,down
PMEPA1,1.386553594,8.69E-05,up
BCL11A,-1.386069329,0.019465463,down
NIFK,1.385769629,2.55E-10,up
CAMK2G,1.385455545,1.02E-07,up
FAM134C,-1.384785133,5.71E-09,down
ANKRD10,1.384585448,2.97E-08,up
TMEM261,-1.383986301,1.29E-07,down
SIK3,1.383540741,0.000988386,up
,-1.383509503,3.10E-05,down
SDF2L1,1.383314881,6.90E-07,up
MEGF9,1.383267448,0.000510662,up
ITGB4,1.382190706,0.002464469,up
HIRA,1.382177245,1.96E-07,up
INPP1,-1.382139888,1.02E-05,down
ARPC1B,1.38195865,1.82E-09,up
C3orf80,1.381727189,1.32E-05,up
ZBTB11,1.381639343,1.47E-17,up
C9orf64,1.381468308,1.71E-07,up
RP11-432M24.4,-1.38103372,9.17E-23,down
PPIB,1.381010329,1.58E-14,up
INTS8,1.380720769,1.31E-11,up
,1.380529888,0.000161948,up
AIM2,1.380348944,0.014221568,up
CYP2U1,-1.380340664,9.75E-09,down
B3GALT6,-1.38033786,5.96E-07,down
GPI,1.380295175,3.51E-07,up
ENPP7,-1.380048287,3.33E-21,down
USP9X,1.37999907,1.19E-10,up
GRK5,-1.379563336,2.43E-06,down
SYCP2,1.379499916,0.006139808,up
FXR1,1.379281643,2.91E-08,up
HIST1H2AC,1.378434797,0.000408006,up
LRRN1,1.377430315,0.041852539,up
TAP1,1.377029979,0.002282729,up
IBSP,1.376589874,0.018036916,up
MCM3AP,-1.376587413,2.42E-30,down
MZF1,-1.376576434,2.02E-07,down
SNRNP40,1.376537028,2.58E-08,up
LOC101927811,-1.376290517,2.75E-10,down
HTT,-1.376117538,1.26E-08,down
C14orf119,1.375945608,4.57E-17,up
,-1.375945231,2.62E-05,down
C3,-1.375634755,0.002134396,down
ZRANB1,1.375464783,7.08E-10,up
FLII,1.374948385,1.17E-08,up
DDX11,1.374848545,9.79E-05,up
SNX27,1.374255035,1.37E-13,up
,1.374160105,9.04E-05,up
JTB,1.37390993,4.67E-18,up
,1.373885105,2.04E-08,up
KCNJ2,-1.373541706,0.000227735,down
ROCK1,1.372782979,1.06E-12,up
ORMDL1,1.372319951,7.44E-14,up
,-1.372319364,0.000105825,down
WDR75,1.372295944,1.05E-10,up
,1.372284706,8.24E-10,up
FBXL14,1.372114797,7.99E-10,up
LINC01061,-1.372028441,1.81E-12,down
APOBEC3F,1.371971308,0.008310395,up
ACVR2A,-1.371880049,0.000150743,down
PTCD3,1.371829888,4.04E-15,up
FAM43A,-1.371827497,3.57E-06,down
MX2,1.371797881,0.002033417,up
TUBG2,-1.371365853,0.00039639,down
GPATCH2,1.371056937,1.66E-08,up
MLLT11,1.370771664,0.000618173,up
ND2,1.370261399,6.04E-17,up
MBD3,-1.369860126,2.74E-10,down
,1.369565308,1.55E-05,up
THEM6,1.369332839,0.002971136,up
BC017398,1.369280972,0.00997683,up
LOC101930150,1.369211748,5.27E-08,up
TMEM30B,1.36907665,0.001222575,up
CEP57,1.368955315,9.85E-07,up
SPHKAP,-1.368660755,0.000514134,down
MARS,1.368294937,9.65E-14,up
CDK10,-1.36828179,7.32E-10,down
SNW1,1.367076217,7.16E-18,up
GSTA4,-1.367035804,0.000687893,down
TBL1X,1.366929699,0.000449075,up
GLRX2,1.366847413,5.04E-09,up
LYST,1.36677572,0.001896912,up
TMEM67,-1.366526797,1.87E-06,down
CPXM2,-1.366489769,0.000222018,down
,-1.366340867,3.69E-27,down
SAR1A,1.366313573,7.24E-09,up
IFFO2,-1.366235636,5.67E-05,down
COL16A1,-1.365104867,0.000410897,down
C7orf63,-1.365032524,0.002176344,down
AKAP17A,1.364960147,2.12E-09,up
TMEM68,1.364750063,0.001621728,up
SMU1,1.364747021,5.27E-09,up
AKAP8L,1.36469214,2.76E-08,up
IAH1,1.364606049,4.97E-11,up
FAM63B,1.364250713,7.58E-05,up
CMAHP,1.363868378,0.006269008,up
LOC100288778,-1.363657678,2.65E-12,down
PFN2,1.363231832,0.000415827,up
AP2S1,1.363147266,2.03E-16,up
SRSF8,1.362589979,1.89E-06,up
SFSWAP,1.362408587,1.50E-06,up
EIF3F,-1.361943727,2.94E-07,down
PLCH1,1.36178486,0.003088672,up
,1.361229399,6.90E-06,up
FOXP1,-1.361150524,2.29E-08,down
BAG3,1.361088462,3.21E-08,up
HMGN1,1.360897273,5.26E-16,up
HLA-F,1.360767406,0.004526606,up
TOX4,1.360512629,2.81E-07,up
ECHDC3,-1.360500021,0.001107333,down
SUGP2,1.360390294,7.21E-10,up
LRG1,1.360081259,0.042738724,up
TRIP11,1.359978972,1.92E-07,up
MSL2,1.359762315,1.73E-13,up
C6orf1,1.359657727,2.97E-11,up
DYNLT1,1.359632517,4.92E-14,up
MRPL9,1.359386804,6.43E-08,up
BCCIP,1.359249678,1.91E-10,up
,-1.359217503,0.000191529,down
SLAMF7,1.359035657,0.016427468,up
KMT2B,1.358838308,4.13E-11,up
DLG3,1.358801559,7.91E-09,up
IKZF1,1.358655154,0.01334268,up
UTP23,1.358627755,0.000471334,up
TACC2,-1.358474224,5.71E-06,down
,-1.358462371,5.38E-07,down
TC2N,1.358354294,0.001170045,up
CD69,1.358239224,0.002576936,up
SLC3A2,1.358038028,1.94E-08,up
HPN,1.357992234,0.006296816,up
MINA,1.357965594,1.19E-05,up
CSTF2,1.357682804,5.58E-11,up
IARS,1.357434168,5.25E-12,up
MRPS18B,1.356872182,1.89E-11,up
VAMP2,-1.35653842,1.10E-07,down
BACE1,-1.356393203,7.88E-07,down
DTWD1,-1.356251979,6.50E-06,down
C6orf89,1.355938993,3.27E-09,up
STK11,-1.35563072,2.92E-10,down
RAPH1,1.355501657,3.81E-05,up
TDRD7,1.355438238,5.90E-08,up
SSB,1.354861916,6.88E-16,up
MIR5193,-1.354746434,1.82E-05,down
SNRNP70,-1.354509643,1.76E-11,down
,1.354427266,1.79E-12,up
USP48,1.354199077,8.38E-07,up
TRUB1,1.354173762,3.88E-10,up
,-1.354113161,1.21E-05,down
KIF16B,1.353983573,0.005190531,up
GUK1,1.35393607,1.00E-11,up
ANXA11,-1.352626979,2.73E-10,down
,-1.35253551,1.50E-08,down
,1.352322392,7.76E-15,up
FOLR2,-1.351876385,1.53E-05,down
GGT6,-1.351526294,0.00056677,down
LITAF,1.350897951,2.08E-09,up
SCYL3,1.350551559,2.04E-09,up
TAL1,-1.349305224,1.89E-09,down
HIST1H4A,1.349040657,3.61E-06,up
STT3B,1.349004056,5.16E-15,up
PDS5B,1.348753685,1.02E-07,up
GOLGA2,1.348566434,7.14E-09,up
EVI2B,1.348487741,0.003022955,up
STARD3NL,1.348381748,7.57E-12,up
,1.348108343,1.16E-10,up
MAP1B,-1.347898357,0.001138346,down
MAF,-1.347542846,5.80E-05,down
ALDH2,-1.347501091,0.00025246,down
FAM69A,-1.347107986,0.002618503,down
,1.347067888,6.59E-08,up
FOXO4,-1.346974049,9.47E-24,down
SAMM50,-1.346930462,7.35E-09,down
NAGK,1.346697014,1.40E-15,up
ERCC1,-1.346363035,3.09E-07,down
ZNF644,1.346126853,3.31E-10,up
LINC00869,-1.34611835,3.25E-05,down
SUMO4,1.346054503,7.15E-15,up
,-1.345772804,5.03E-12,down
SPATA13,1.345719692,7.33E-07,up
DNAJA3,1.345575021,2.78E-13,up
AC128677.4,1.345547825,0.024102185,up
EMC9,1.345516559,1.50E-06,up
GPR68,1.345315706,5.01E-06,up
PYCR1,1.345314664,2.15E-06,up
RAPGEF6,1.345161545,1.97E-08,up
MFAP5,1.345030252,0.046547988,up
,-1.344886469,0.024927053,down
ST6GALNAC6,-1.344430713,2.96E-20,down
,1.344116462,0.013539284,up
ZNF227,1.343947189,6.30E-08,up
BCL3,1.343891769,8.63E-08,up
NFATC4,-1.343458874,6.93E-06,down
GET4,1.343273049,1.28E-07,up
ERO1LB,-1.343194503,0.001715008,down
HOXD10,-1.343001084,9.22E-06,down
ZNF540,-1.342988287,1.92E-08,down
MAP3K2,1.342975888,0.000119937,up
CKB,-1.342942371,0.000769319,down
SRRT,1.342860273,3.24E-10,up
TDP1,1.342822993,1.33E-08,up
ZNF654,1.34276707,8.86E-10,up
CHUK,1.341785937,2.99E-14,up
PHLPP2,1.341392839,1.27E-08,up
MCEE,1.341220301,1.12E-09,up
GPR56,1.341093007,0.000171547,up
ZNF521,-1.341082021,0.017059797,down
NAALADL1,-1.340613531,1.31E-28,down
AMPD3,1.340440811,3.60E-06,up
MORF4L1,1.340432007,1.61E-11,up
TCP11L2,-1.340359182,1.43E-19,down
CLIP3,-1.340080769,2.07E-06,down
KDM4A,1.339899336,1.58E-07,up
,-1.339763706,1.24E-05,down
SLC30A3,-1.339173538,9.41E-17,down
TMEM44-AS1,-1.339133126,1.75E-08,down
AIMP1,1.338948252,1.22E-10,up
ARL15,-1.338920385,8.76E-05,down
GTF2E2,1.338873399,7.36E-07,up
HAUS7,1.338837427,8.05E-05,up
NMI,1.338495727,4.40E-06,up
DDX20,1.338490804,1.11E-09,up
FAM129A,-1.338300706,0.002159666,down
GUCY1A3,-1.338218895,0.000107406,down
PCDHB2,1.338102727,0.044757093,up
AMACR,1.337949783,8.78E-06,up
,-1.337934685,6.91E-17,down
ORC2,1.337910839,1.95E-09,up
TNFSF10,1.337744469,0.003385879,up
CSRP1,-1.337610769,2.96E-07,down
MRPS18A,1.337271776,5.11E-12,up
,-1.33717142,4.53E-22,down
,-1.337029294,1.63E-24,down
CCDC167,1.336416888,2.38E-08,up
KCTD20,1.33594265,3.84E-11,up
ABCC5,1.334803035,0.000962693,up
RIMKLB,-1.334799762,8.93E-06,down
EME1,1.33453458,0.000216454,up
,1.334194371,1.91E-06,up
TMEM161B-AS1,-1.33407849,2.82E-18,down
ALDOA,1.334061161,9.17E-07,up
CD99L2,-1.334009538,2.91E-07,down
NMU,1.333534741,0.013381858,up
PMM2,1.332801413,1.70E-10,up
C1orf85,1.33260179,2.02E-07,up
MRC1,-1.332225077,0.016459983,down
CREB3L2,1.331962266,9.77E-06,up
MKRN2,1.331953699,3.43E-05,up
DUSP12,1.331877951,2.81E-13,up
MLF1,1.330946769,0.000148078,up
ANKRD39,1.330826846,9.79E-05,up
ZNF655,1.330734608,0.001216881,up
BET1,1.330320846,1.21E-10,up
CAMK1D,1.330066741,3.30E-05,up
GTF3C2,1.330053622,2.31E-14,up
BMPR1A,-1.329706706,1.14E-52,down
,1.329529748,8.35E-06,up
TNFSF4,1.329496154,0.000220112,up
YEATS4,1.329212182,6.94E-07,up
ACADVL,-1.328985462,2.90E-08,down
CIAPIN1,1.328827811,6.69E-08,up
ATP6V0C,1.328317664,3.43E-15,up
LINC00938,-1.32782,2.43E-06,down
DNAJC2,1.327737517,9.88E-10,up
TIMM8A,-1.327267713,7.37E-43,down
AGPAT5,1.32699342,3.77E-05,up
RIN1,-1.32691179,5.41E-17,down
,1.326718692,7.00E-07,up
PDZRN3,-1.326521573,0.000119462,down
CLOCK,1.326402804,4.73E-10,up
SGMS2,1.32639586,0.000339249,up
ICMT,1.325768448,1.92E-11,up
ADH4,-1.325733119,1.02E-31,down
COPZ2,-1.325686748,0.003408157,down
SLC35F2,1.325685503,0.000265903,up
LY6K,-1.325417881,0.049796801,down
YWHAQ,1.325378252,3.51E-12,up
DPH1,-1.325062657,9.12E-16,down
ADAMTS1,-1.324675126,0.006189589,down
LINC00478,-1.324279776,1.14E-20,down
PELI3,-1.324193301,3.36E-12,down
FAHD2A,-1.323960916,5.57E-08,down
HCAR3,-1.323823413,0.014529986,down
SLC25A15,1.323802979,4.59E-07,up
RPARP-AS1,-1.323654671,1.67E-07,down
DHX8,1.323447608,2.61E-09,up
,1.323435077,1.26E-07,up
YIPF3,1.32330479,4.56E-10,up
,-1.323051902,0.000236365,down
,-1.322723119,0.007315851,down
,-1.322711601,8.79E-29,down
ALDH3A2,-1.32268921,5.83E-05,down
,-1.322551587,7.26E-08,down
MGA,1.322012119,1.41E-07,up
LENG8,-1.321966615,3.39E-07,down
,-1.321805776,0.002099884,down
,1.321477049,8.04E-12,up
ATP6V0E1,-1.321203664,4.85E-09,down
MACROD2,-1.320473965,1.67E-05,down
IKBKB,1.320332769,2.13E-05,up
FMR1,1.320028895,2.44E-09,up
SIX2,1.319989294,0.007409644,up
SLC4A8,1.319355748,0.017237681,up
MITF,-1.319041944,2.44E-05,down
,1.31903886,0.001903301,up
LOC101927268,-1.318966601,0.003177375,down
KRT19,1.318736769,0.018538062,up
ACOT4,1.318560147,0.006688513,up
MESDC1,1.318436937,4.46E-12,up
WIPF1,1.318380266,9.59E-05,up
,1.318267336,9.27E-09,up
RPUSD4,-1.318062161,4.45E-13,down
ARL13B,1.317950042,7.94E-08,up
AAMDC,-1.317935853,5.03E-07,down
NACA,1.317735958,3.45E-10,up
SNCAIP,-1.317679762,0.002523871,down
PDE5A,-1.317361783,0.008350554,down
SHANK2,-1.317354797,0.014465866,down
CPPED1,1.31731614,6.44E-05,up
QTRTD1,1.31727351,1.28E-09,up
SAT2,-1.317031378,9.25E-14,down
SYTL2,1.317028175,0.009274593,up
,-1.316965524,1.20E-06,down
MED28,1.316860741,2.69E-10,up
MCOLN3,-1.316540273,0.003317465,down
ZYG11B,1.316497965,2.97E-06,up
TSEN2,1.316478524,5.47E-07,up
NIPSNAP3A,1.316348888,7.86E-07,up
AOX1,-1.315832601,0.003165345,down
PEX11A,1.31540293,0.009956521,up
SERTAD4,1.315156587,0.000541388,up
,1.315136874,5.33E-05,up
PRKD2,-1.315040084,2.14E-17,down
TUSC2,1.314948322,9.94E-09,up
RALGAPB,1.314531636,6.91E-11,up
SLC25A46,1.314403238,1.19E-08,up
NR2F2,-1.314373133,4.81E-05,down
,1.314216168,8.98E-05,up
,1.314203329,2.22E-06,up
CRIP1,1.314069699,0.046682474,up
KIAA1462,-1.313926881,0.000436212,down
EIF4B,1.313544315,0.000751359,up
C1orf226,-1.313509972,0.004248915,down
LOC102724884,1.31347865,2.26E-07,up
CTC-429P9.3,-1.313403161,3.62E-05,down
ZNF436,1.313352713,5.22E-06,up
ZC3H6,-1.313251538,4.99E-06,down
INHBB,-1.312932154,0.016842557,down
IL2RB,1.312794343,0.014022199,up
UGP2,-1.312785126,1.57E-07,down
MAGED2,1.312478797,0.001406738,up
ZNRF2,1.31233528,9.70E-08,up
ZBTB3,-1.312205392,4.96E-21,down
F2R,1.312101098,1.32E-05,up
ZNF236,-1.311565664,4.90E-21,down
LOC102724985,1.311507343,1.63E-13,up
TMEM170B,-1.311507287,9.03E-06,down
C2orf43,1.311447336,2.72E-06,up
LUC7L2,1.311344308,1.86E-09,up
YY1,-1.311158783,2.35E-10,down
N4BP2L1,-1.311028315,0.000110106,down
NOL9,1.310944671,4.59E-08,up
R3HCC1,-1.310899336,7.21E-12,down
LOC102724316,-1.310859671,1.61E-11,down
NCKAP1L,1.310719587,0.000973017,up
WHSC1L1,1.310293245,4.61E-06,up
HENMT1,1.310159566,0.000268826,up
OSBPL6,1.309792119,0.017744418,up
VRK3,1.309729497,1.69E-09,up
ZMAT3,1.309679266,2.41E-06,up
RALGAPA2,-1.309528559,0.000232444,down
CPSF6,1.309319685,6.72E-24,up
TRMT2B,1.309206431,0.000749764,up
,1.309169301,7.32E-06,up
RAB9A,1.308978587,2.99E-08,up
RILP,-1.308769762,7.42E-20,down
CDCP1,1.308718804,0.003300436,up
ARMC8,1.308638874,8.91E-11,up
CRABP2,1.308535399,0.017320666,up
RQCD1,1.308378196,7.30E-05,up
TRIM66,-1.308347007,9.76E-07,down
DOCK6,-1.307943455,1.02E-08,down
RNF24,1.307873587,7.78E-05,up
AGK,1.30772172,3.04E-10,up
,1.307709084,4.86E-07,up
YPEL3,-1.307632573,1.04E-05,down
NFIC,-1.307229965,4.81E-07,down
,1.306919804,1.17E-05,up
EPB41L1,-1.306679986,0.001667576,down
SCD,1.306525147,0.033532713,up
SH3BP5,-1.30566665,1.69E-08,down
FAM171A1,-1.305096392,0.022987854,down
RASL12,-1.304931007,1.46E-05,down
ESYT1,-1.304929678,7.22E-11,down
SSR3,1.304910322,3.63E-09,up
TRAPPC1,1.304904916,9.98E-11,up
LOC100996740,-1.304618028,0.006616251,down
ASXL1,1.304576825,0.000244137,up
RNF6,1.304363133,5.87E-12,up
LOC101927166,-1.303683056,7.87E-13,down
RAB6A,1.303621497,5.66E-05,up
,-1.303614643,0.00589589,down
CD300A,1.303524741,0.000211393,up
SAMHD1,1.303440643,0.000160393,up
NOX4,1.303176594,0.011877251,up
BOLA3,1.30311779,1.38E-09,up
PRDX4,1.302943105,6.02E-08,up
DDI2,1.302809559,1.16E-10,up
SSBP1,1.302622937,2.30E-12,up
SLC35B3,1.302603252,1.80E-13,up
SLC25A28,1.302258832,5.82E-10,up
STAMBP,1.301947776,1.96E-14,up
CAST,1.301745259,2.81E-07,up
PRKACB,1.301282441,0.002468376,up
GZF1,1.301282168,2.33E-09,up
CHD4,1.301187112,1.47E-13,up
GOT1,1.301028797,1.06E-09,up
RBM7,-1.300751937,9.32E-19,down
BANF1,1.300587503,5.41E-16,up
GAPDHP73,1.299982224,3.83E-08,up
ZNF304,1.299875503,1.47E-06,up
BECN1,1.299621524,7.24E-11,up
ATP2C1,1.299413832,1.53E-07,up
L3MBTL4,-1.299355818,0.000564989,down
NUP37,1.29921842,3.92E-10,up
C2orf88,-1.29913407,6.37E-11,down
PLCL2,-1.298912531,0.000718692,down
SLC7A6OS,-1.298789783,6.13E-10,down
,-1.298230867,0.028362679,down
ZC3H12C,-1.298207804,0.007562805,down
NPRL3,1.298206706,3.94E-07,up
,-1.29804221,3.02E-05,down
,1.297889063,0.001759017,up
KLF3-AS1,-1.297803923,8.96E-05,down
PSMD5-AS1,1.297658867,2.69E-05,up
KIAA1598,1.297493762,7.02E-08,up
ETNK2,1.29748428,0.009268688,up
LINC00467,1.297139979,0.000751086,up
,1.296629259,1.90E-06,up
SYNE2,1.295864713,1.73E-05,up
TXNDC12,1.29558679,5.41E-14,up
,1.295267909,3.78E-05,up
SLC12A1,-1.294770392,5.46E-26,down
NPR3,-1.294605608,0.029756533,down
,-1.294163783,5.85E-18,down
,-1.294117923,1.54E-08,down
RCAN1,-1.294107014,0.000810028,down
,1.293702469,6.48E-06,up
ZNF512,1.293672287,0.000660201,up
TPCN1,-1.293622951,2.56E-05,down
,-1.293502371,2.03E-05,down
ANKRD6,-1.293426552,1.37E-05,down
PSME4,1.293391126,1.99E-06,up
PCTP,1.293263608,0.000131467,up
TP53INP2,1.292930315,0.00198815,up
WTIP,-1.292580839,1.71E-08,down
PRMT9,1.292271028,4.00E-07,up
,1.292107566,0.007740922,up
ACAA2,-1.291636336,2.37E-20,down
ZBED3,-1.291482685,1.08E-06,down
POLDIP2,1.291348182,5.46E-05,up
LTBP3,-1.291217538,2.38E-12,down
FAM107B,1.291210448,1.32E-05,up
SNHG1,1.290787517,8.80E-08,up
KAT7,1.290629091,0.0001828,up
FAM72A,1.290450476,0.042065363,up
CCDC107,-1.290087161,2.04E-11,down
MRPS14,1.289978252,3.34E-12,up
GFOD1,-1.289871664,0.000528016,down
PIGL,-1.28946686,6.86E-12,down
DOCK2,1.289415483,0.001448858,up
TERF2,1.289253594,4.11E-08,up
NOL7,1.289221357,4.02E-12,up
LOC100271840,-1.289114762,0.00010958,down
SRSF5,-1.288989217,9.62E-11,down
CDRT4,-1.288874385,7.34E-05,down
G6PD,1.288777014,0.001983038,up
RPL21,-1.288751105,3.05E-37,down
MBTPS1,1.288525832,3.74E-10,up
SPA17,1.288371517,0.000457272,up
STX12,-1.288245231,4.58E-15,down
DYNC2H1,-1.288240692,0.001333065,down
MYO5C,1.288207434,0.010249051,up
ZNF239,1.288082608,0.000556992,up
RP11-190A12.8,-1.288070343,3.30E-07,down
LRRC37A4P,-1.287766476,4.76E-12,down
GIMAP7,-1.287451098,0.000860988,down
HDLBP,1.287441685,0.000141331,up
HSPB1,1.287305077,0.000364521,up
,1.28707379,1.16E-08,up
EFHD2,1.287065874,1.58E-06,up
,-1.286954119,0.000755682,down
PBXIP1,-1.28694042,4.83E-08,down
CTSD,1.286591552,5.04E-06,up
TRNP1,-1.286196217,8.81E-06,down
,1.285973112,1.39E-06,up
LYPD3,1.285846825,0.010699788,up
MIR3934,1.285165636,5.27E-10,up
HCFC2,-1.285078021,1.09E-11,down
ELP5,1.285013517,0.002117687,up
KANSL2,1.28432449,2.58E-15,up
BRD7,1.284315685,2.92E-08,up
DARS,1.284281524,2.91E-09,up
,-1.283989804,4.01E-18,down
GINS4,1.283871385,0.006610486,up
MCTP2,-1.283819336,1.41E-34,down
FOXD1,1.283638678,0.040156852,up
PLEKHM3,-1.283236399,3.11E-05,down
PDGFRL,-1.283174797,0.017976274,down
D2HGDH,-1.282881552,4.98E-07,down
TDP2,1.282851329,1.70E-13,up
XPNPEP3,1.282714322,1.93E-08,up
CLMP,-1.282701182,0.00823538,down
,-1.282688434,0.000209239,down
ZCCHC6,1.282361,2.03E-07,up
C11orf58,1.282101657,7.31E-15,up
CCDC132,1.281843329,5.32E-06,up
SMYD2,1.281320573,3.82E-07,up
NUAK1,-1.281081664,0.002107064,down
HAX1,-1.280840287,4.53E-21,down
SMAD2,1.280378804,1.72E-12,up
,1.28008965,1.91E-07,up
IDI1,1.279988126,3.98E-06,up
ZNF75A,1.279829182,1.54E-06,up
MCOLN2,1.279695224,0.003908239,up
TKT,1.278986559,6.14E-06,up
,-1.278589923,4.05E-06,down
SUZ12,1.27853021,1.72E-05,up
,1.278171077,0.000879328,up
RECQL4,1.277974427,0.001289478,up
ELP6,1.277738476,1.12E-11,up
TRAK2,1.277543587,8.05E-06,up
,-1.277520706,0.000797866,down
FEM1B,1.276249776,4.42E-09,up
NPAS3,-1.275684839,1.17E-10,down
MRPL37,1.275588629,1.54E-07,up
TYRO3,-1.27553621,8.07E-08,down
DHCR24,1.275452483,0.010695894,up
ADAM15,1.275389524,0.000188877,up
TMEM138,1.275287042,4.86E-12,up
SOCS1,1.275141182,0.001193669,up
CAB39L,1.274908979,0.044882885,up
LOC284454,-1.274788671,7.26E-06,down
TTLL7,1.274787,0.00186522,up
POLM,1.274416266,4.22E-06,up
SLC15A4,1.274393993,2.85E-09,up
CAP1,1.274257552,2.36E-15,up
SSPN,-1.273845161,0.003329336,down
,1.273341385,7.11E-09,up
,-1.273332343,0.007443514,down
KLF7,1.273112986,2.04E-07,up
ELP2,-1.272930769,0.022586264,down
ATP6V1F,1.272472469,2.25E-16,up
,-1.271944811,8.90E-13,down
COQ7,1.271651203,2.42E-06,up
,-1.271646538,2.86E-35,down
SNRPN,1.271605427,0.000316058,up
,1.27160351,3.69E-06,up
MGP,-1.271391385,0.023390474,down
ZNF267,1.271095713,9.32E-11,up
STK4,1.270612462,1.25E-13,up
DIRC2,1.270510594,3.97E-09,up
LOC727820,1.270346413,0.001366778,up
NTRK3,-1.270345161,0.000234328,down
ABCE1,1.27029121,5.24E-10,up
FAIM,1.270269336,8.74E-07,up
ALG3,1.270269168,1.05E-08,up
RSL1D1,1.270214965,0.00083118,up
PSMF1,1.270162811,1.30E-10,up
THRB-IT1,-1.269842517,2.20E-06,down
RNF7,1.269833308,1.55E-12,up
MIR1292,1.269811559,1.18E-09,up
PHF20,1.269089098,5.75E-06,up
NUDT1,1.268795028,4.82E-05,up
LY75,-1.268486231,0.017914039,down
JPH1,1.267940371,0.014283737,up
SLC2A5,1.267739462,0.00476962,up
ABHD16A,1.267615238,1.31E-12,up
,1.267541881,7.01E-08,up
SGMS1,1.267304853,8.56E-06,up
,-1.267275105,7.22E-07,down
PRNP,-1.267149119,5.71E-06,down
MED16,-1.267134014,2.73E-07,down
ARHGEF9,1.266822895,0.001356598,up
,1.26677942,0.001911738,up
HDHD1,1.266720783,1.15E-05,up
,1.266720133,8.56E-05,up
RTKN,1.266540608,2.23E-06,up
FAM114A1,1.266064252,4.01E-06,up
SYS1,1.265995699,2.14E-07,up
MOSPD2,1.265840252,4.43E-09,up
SATB1,-1.265559951,0.001313842,down
,1.265395685,0.001416183,up
GAB1,1.265358888,0.000305065,up
EPB41L2,-1.265043168,4.52E-05,down
CEACAM1,1.264871483,0.014681197,up
NANP,1.264860923,3.90E-06,up
KCNJ8,-1.26480951,0.000397445,down
UBE2D2,1.264597916,4.57E-19,up
SLC38A9,-1.264203755,2.38E-07,down
SYF2,-1.264121252,1.09E-16,down
MET,-1.263857748,0.031977794,down
LINC00277,-1.263564245,9.53E-07,down
CASP1,1.263472706,0.014533495,up
SMCO4,1.263289818,0.00139506,up
LAIR1,1.26297207,0.00597001,up
SLC22A17,-1.262596979,5.35E-05,down
SMAD3,-1.262586028,0.000167357,down
LOC646214,-1.262125315,2.11E-06,down
WRNIP1,1.261903727,3.14E-10,up
ZNF503,-1.261799259,0.001213864,down
PDE8A,1.261442881,3.83E-06,up
CYTH3,-1.26138735,1.33E-06,down
MRVI1,-1.261287951,0.000405491,down
RPA3,1.261234776,1.21E-08,up
NIPA2,1.260911301,4.94E-14,up
PRDM10,1.260730958,5.54E-10,up
RP11-97C16.1,1.260523294,1.27E-08,up
AP3M2,1.260243944,3.51E-06,up
IFI35,1.259928888,0.004806432,up
GSTO1,1.259885895,2.08E-13,up
COL5A3,-1.259813259,0.000344868,down
LOC102725451,-1.259786413,3.74E-07,down
APCDD1L,-1.259750685,2.45E-05,down
SPPL3,-1.259630734,2.89E-16,down
PDCL3,1.259572161,6.85E-12,up
STIM2,1.259353238,3.93E-07,up
SGSM2,-1.25893442,7.64E-08,down
TSEN34,1.258540049,2.77E-11,up
SYT17,1.258201608,0.04164476,up
FAM213A,-1.258084399,5.42E-05,down
GEN1,1.258045182,2.94E-06,up
AHI1,-1.257908378,1.46E-05,down
MDM2,1.257470734,3.44E-06,up
GPALPP1,-1.257192538,2.40E-08,down
IARS2,1.257151259,1.04E-12,up
IMPDH2,-1.257093112,1.19E-07,down
UAP1,1.256442119,3.38E-07,up
SOX7,-1.256347308,0.001485149,down
FAM122B,1.256192147,5.90E-07,up
LOC100996717,1.256140336,6.80E-05,up
SUV420H1,1.256078881,1.04E-07,up
ANAPC7,1.25584514,9.17E-06,up
HCLS1,1.255799329,0.001251263,up
PFDN2,1.25574328,1.14E-06,up
CEP83,1.255727147,5.33E-08,up
RAB6B,-1.25563549,6.16E-12,down
EBF2,-1.25520672,3.36E-06,down
FLJ41455,-1.254914441,2.58E-17,down
GNG5,1.254851888,4.94E-14,up
,-1.254814888,0.00274817,down
SHB,1.254324629,7.07E-06,up
ERAP1,1.254311112,0.000326965,up
PPP1R21,1.254306077,9.83E-07,up
DUSP11,1.253979273,3.07E-15,up
APOA1BP,1.253365196,1.67E-11,up
OCRL,1.253174266,1.97E-09,up
DNPEP,1.253043937,1.07E-06,up
GABARAPL2,1.252791622,1.08E-10,up
LTB4R,-1.252730042,3.84E-06,down
ALKBH5,1.25248965,6.34E-10,up
CNNM4,1.252330643,3.34E-06,up
PDCD6IP,1.25230342,6.80E-12,up
ENKD1,-1.251936783,1.24E-06,down
ARSG,1.251830524,0.014313909,up
LDHB,-1.251552587,0.004102707,down
,-1.251466049,0.000249874,down
HAUS6,1.251139049,0.000627142,up
SMN1,1.250681049,1.22E-07,up
PAK3,-1.250267685,7.07E-06,down
KCNB1,-1.250035531,1.81E-08,down
SPAG16,-1.249821741,0.005350302,down
CHKB,-1.249802713,8.74E-14,down
FADS3,-1.24963314,3.99E-11,down
,-1.249601441,6.26E-07,down
NUP85,1.249575385,2.68E-06,up
COX17,1.249479021,4.61E-08,up
CREB3L1,1.249298007,0.005072651,up
IFI27,1.249094825,0.013162969,up
,1.248947503,0.022958307,up
,1.248851497,7.93E-10,up
TAP2,1.248397769,0.025125456,up
CLPTM1L,1.248198203,3.80E-11,up
DHRS7,1.247906385,2.51E-06,up
,-1.247524629,0.002192016,down
RP11-127B20.2,-1.24714035,0.000432238,down
TM7SF3,1.246977007,3.46E-07,up
HIST1H2AM,1.246940685,0.001192541,up
USP42,1.246684545,2.06E-10,up
,-1.246484608,8.76E-18,down
SRA1,1.246405986,2.38E-10,up
POLR2E,1.246097678,1.02E-10,up
NPR2,-1.245848224,9.74E-16,down
ATP10D,1.245689077,0.000376217,up
POLDIP3,1.245279965,0.000148106,up
ITGA4,1.24475765,6.83E-05,up
RSF1,1.244458287,2.16E-07,up
SRPR,1.244364902,2.16E-12,up
ZNF664,1.244317196,1.41E-05,up
TRMT5,1.244193427,2.70E-08,up
YIPF4,-1.243931469,1.21E-16,down
HYOU1,1.243790371,6.75E-10,up
CGN,1.243722944,0.043929572,up
P2RY12,-1.243563287,1.73E-08,down
PQLC1,-1.243225434,1.57E-10,down
TGS1,1.243160587,4.69E-08,up
OTULIN,1.242939294,0.000192601,up
ZNF420,1.242888469,0.000178133,up
UTP18,1.242138035,8.24E-06,up
PHGDH,-1.241795091,0.036009603,down
DHFR,1.241774538,9.04E-07,up
ZFP14,-1.241149909,6.36E-31,down
XPO1,1.241101818,2.57E-19,up
MAPKAPK5-AS1,1.241094483,9.17E-14,up
MAP4K3,1.240903119,8.76E-11,up
KIAA1217,1.240455056,1.90E-06,up
CLEC14A,-1.240380455,2.32E-10,down
NEK5,1.24033942,0.031732109,up
NEBL,1.240268287,0.030917023,up
POP4,1.240170517,4.15E-09,up
BACE2,1.24010051,0.002837326,up
CHEK2,1.239944699,0.000570602,up
GTF3C1,1.239836566,1.22E-11,up
ANAPC4,-1.239685392,1.84E-13,down
EXOC3,-1.23961372,6.25E-06,down
SESN3,-1.239071224,0.001766127,down
MED20,1.237608364,1.52E-08,up
PRKAR1B,-1.237415308,4.99E-18,down
TRMT61B,1.237415028,1.05E-07,up
,1.237268455,0.006020991,up
CEP41,1.23706772,0.000524295,up
ACSL1,-1.236638755,0.001413137,down
PMS2P3,1.23657321,1.14E-12,up
SNX6,1.236498224,1.10E-14,up
TMEM55B,1.235579196,2.73E-08,up
POLR3F,1.235546874,1.88E-14,up
SCRN3,1.235523811,1.04E-08,up
,-1.235336685,5.46E-10,down
CTSA,1.235205748,1.14E-10,up
CCNO,1.235128147,0.027238118,up
,-1.234676434,3.81E-12,down
C19orf60,-1.23415258,1.28E-11,down
ABCA3,-1.234098566,0.002180521,down
ATP5C1,1.234019825,4.04E-10,up
MMP28,-1.233879643,8.95E-25,down
SORL1,1.233774259,0.001508953,up
,-1.233759483,1.28E-12,down
TCF3,1.233553713,5.88E-07,up
GPR65,1.233499476,7.01E-05,up
TRIOBP,1.232986343,8.53E-06,up
DCAF11,1.232944769,1.51E-09,up
MRPL18,1.232921965,4.45E-11,up
BMP1,1.232915832,1.46E-05,up
GNLY,1.232774245,0.035453785,up
QPCT,1.232643503,0.001435187,up
TBC1D13,-1.232602958,4.12E-09,down
AIMP2,1.232422196,3.65E-11,up
RPL13A,-1.23221972,1.35E-09,down
C9orf91,1.232167084,0.000136821,up
ZNF580,-1.232160497,2.10E-11,down
GPX7,1.232072,0.009540688,up
C2CD2,-1.231978937,8.98E-06,down
KLHL42,1.231542993,7.65E-05,up
,-1.231494287,5.29E-06,down
RUSC2,-1.231320133,2.55E-12,down
AGPAT3,1.231198322,1.27E-09,up
TNFSF12,-1.230834112,5.13E-26,down
,-1.230603608,0.002124961,down
PIK3AP1,1.230402301,0.000904282,up
,-1.230043469,1.45E-09,down
ACAD10,-1.23001193,2.86E-13,down
NAP1L1,-1.229871035,1.86E-06,down
RIOK1,1.229631014,0.000200385,up
SMA4,1.22961449,0.008008372,up
CMTM4,1.229521853,0.000361502,up
,-1.229468573,0.000245227,down
EIF4E3,-1.229436776,1.37E-13,down
SNHG8,-1.229184573,4.26E-06,down
CTXN1,1.229173804,4.39E-05,up
MINK1,-1.228793762,2.10E-13,down
MFSD8,1.228485448,2.01E-07,up
DCK,1.228456629,4.53E-09,up
,1.228268245,3.86E-11,up
AGPAT2,-1.228116336,1.93E-07,down
ZNF93,1.227537755,0.000150582,up
,1.226837203,6.07E-06,up
NRP1,1.226700406,0.000247391,up
EWSR1,1.226649769,1.98E-18,up
NCOA1,1.226625469,1.88E-07,up
GLTP,1.226423175,9.14E-06,up
YIF1A,1.226304308,4.58E-10,up
ST6GALNAC4,1.225774832,2.39E-05,up
,1.22534872,6.30E-07,up
LOC101930075,-1.225341692,1.03E-12,down
RABAC1,1.225334392,1.07E-09,up
NDUFV2,1.22523093,4.14E-11,up
SGPP2,1.225186072,0.025765153,up
NUP35,1.225103161,6.16E-09,up
RP11-846E15.2,1.22504521,0.009165161,up
TP53,1.224753846,0.002051455,up
MACC1,1.22442479,0.004948071,up
,1.224353615,1.43E-05,up
,1.224247014,0.005223449,up
MEIS3P1,-1.223819636,0.00021726,down
ARID1B,-1.22380493,3.49E-05,down
C16orf87,1.223775406,9.94E-05,up
MAPK1IP1L,1.223569007,6.15E-15,up
FAM134B,-1.223277014,0.025990265,down
,-1.222536056,0.002165091,down
IDS,1.222420727,6.55E-07,up
HADHA,-1.22202593,1.85E-17,down
TAF2,1.221487706,5.94E-09,up
NUP107,1.221449776,1.08E-07,up
MYD88,1.221277217,8.61E-14,up
,1.220981266,9.72E-05,up
LINC00899,-1.220968944,0.00144537,down
NCOA5,1.220960874,5.25E-10,up
RNASET2,1.220745014,2.85E-08,up
VPS13B,1.220576161,4.64E-07,up
GAPDH,1.220572168,6.35E-12,up
EIF4A3,1.22055914,8.83E-09,up
AVPI1,-1.220325147,2.56E-08,down
KMT2E,1.220303657,4.27E-09,up
SPTLC3,-1.220292503,2.97E-22,down
DHRSX,1.220260448,1.33E-07,up
BCR,-1.220059343,0.000241969,down
HINT1,1.219884203,2.44E-09,up
CHD1L,1.219796944,9.21E-06,up
UTP11L,1.219772867,1.22E-08,up
PPT1,1.219392238,4.32E-10,up
ANKRD13C,1.219344175,1.02E-07,up
CLNS1A,-1.219340196,1.55E-05,down
GLOD4,1.218564056,3.61E-10,up
TMEM140,-1.21839142,0.000195246,down
VEZT,1.218092524,0.002000878,up
,-1.217757196,0.008875136,down
USP7,-1.217290378,1.23E-27,down
UFL1,1.21703493,7.26E-09,up
EXOSC6,-1.216870007,1.04E-18,down
SEC31A,1.216758636,1.01E-12,up
ACKR4,-1.216577958,0.000445261,down
BTN3A3,1.216251573,0.001611549,up
CARD6,-1.216075252,1.28E-05,down
BTG2,1.215704853,0.0059199,up
EIF2S1,1.215639587,1.89E-12,up
PHF5A,1.215633881,2.18E-10,up
C21orf59,1.215632308,1.52E-10,up
NUP93,1.215600692,6.68E-06,up
TFG,1.215523098,5.19E-14,up
KIF3C,1.215383021,0.00074903,up
YAP1,1.215238399,0.0003907,up
TNRC6B,-1.215119657,1.95E-11,down
VAT1,-1.215078266,6.01E-09,down
ARHGEF7,1.214748112,0.004255704,up
EID1,1.214577133,3.29E-05,up
KLHDC4,-1.214567804,1.89E-05,down
BTBD19,1.214373343,0.000956105,up
LNX2,1.213973832,8.48E-07,up
ARNTL2,1.213822615,0.043303428,up
FAT4,-1.213634476,6.17E-05,down
CPT2,1.213402105,1.30E-08,up
,-1.212316818,1.51E-21,down
,1.211780972,3.25E-08,up
KAZN,-1.21160835,0.000411572,down
ING2,1.21144635,6.24E-07,up
C1QC,1.211194909,0.000381375,up
NUDT9,1.211011028,1.00E-07,up
BCL6B,-1.211002545,7.17E-11,down
C4orf29,1.210736133,8.66E-11,up
BC052775,1.210572322,9.32E-05,up
S100A1,-1.210392958,0.020458121,down
,-1.210323343,5.95E-08,down
SMURF2,1.210041643,4.88E-05,up
HIP1R,-1.209943811,5.00E-05,down
FAS,1.209910259,0.008195087,up
,1.20967393,2.64E-06,up
PTPLB,1.209596273,0.00102211,up
RNF139,1.209301993,1.36E-08,up
DNAJB2,-1.208432909,1.10E-05,down
,1.208321524,0.004526299,up
ANKRD20A11P,-1.208292112,0.000187973,down
FYN,-1.208152615,0.000154929,down
TMEM131,1.208051657,1.10E-10,up
CBX6,-1.207902371,9.07E-08,down
EIF3L,-1.207895385,7.18E-13,down
TLR2,1.207881434,0.00192747,up
DSP,1.207831916,3.69E-05,up
DNASE1L3,-1.207673049,1.14E-06,down
ZNF490,-1.207662119,7.36E-23,down
IPO11,1.207524839,8.48E-13,up
FAM115A,1.20751235,1.00E-05,up
ALDH1L2,1.207243916,0.005714601,up
SNRPD1,1.206957161,5.15E-07,up
PUM2,1.206849497,4.02E-15,up
KIAA1755,-1.206824385,0.000416896,down
SLC19A2,1.206562245,0.002664968,up
KIAA0100,1.206419783,0.000214039,up
LYPLAL1,1.206373629,2.09E-12,up
MARVELD3,1.206307902,2.88E-05,up
LAYN,-1.206207378,0.000436545,down
PDGFC,1.206135154,0.006796261,up
CBR1,1.20611728,0.003107233,up
PRR24,-1.205686091,1.64E-08,down
FCGRT,-1.204469035,2.84E-05,down
BEX5,-1.204196867,0.030512981,down
QPRT,1.203890077,0.004678141,up
,-1.203568336,0.000633354,down
MED29,1.203369392,1.48E-07,up
SPRY1,-1.203363196,4.16E-05,down
,1.20312393,0.003984831,up
PXMP4,1.20304965,0.008863172,up
PTPRJ,1.203038301,1.85E-06,up
OSER1-AS1,-1.202738161,6.45E-08,down
PCDH12,-1.202373378,7.90E-10,down
KIF21A,1.202325979,5.97E-05,up
TTLL4,1.202279385,0.031836178,up
DHRS4-AS1,-1.201997448,3.22E-27,down
AIP,1.201892091,3.73E-08,up
PCDHGA1,-1.201562154,2.92E-05,down
TFCP2,1.201508909,3.38E-06,up
ADH5,1.201490343,0.000204962,up
,-1.201278371,6.44E-12,down
RRAGD,-1.201257147,0.032928704,down
ZNF260,1.20120821,1.74E-09,up
TACR1,-1.20051572,8.45E-07,down
COX11,-1.200023301,5.75E-09,down
ATG7,1.199657531,1.23E-10,up
ARPC3,1.199608392,2.15E-14,up
,1.199475252,4.54E-07,up
BEX4,1.199243986,0.002805575,up
ATP6AP1,1.199129462,2.05E-07,up
RNF111,1.198730049,1.85E-12,up
EDC3,1.198596427,8.02E-06,up
FAM21A,-1.198581923,2.72E-08,down
KCNMB1,-1.198509916,0.015312042,down
MYO1G,1.19850349,0.002059481,up
ACO1,-1.198228007,3.94E-05,down
DBR1,1.198223937,1.64E-08,up
CNIH1,1.198177615,1.30E-10,up
CLN5,1.197409259,6.37E-06,up
GAB2,-1.197041336,4.69E-05,down
SNCG,-1.196231517,9.30E-07,down
NR2F6,1.195736545,2.77E-07,up
SNORD114-3,-1.195293902,4.07E-06,down
CTSL,1.195242154,1.95E-06,up
UBR2,1.194977601,3.17E-05,up
XPR1,1.194324706,4.98E-07,up
,-1.19411421,0.001083199,down
DCAF6,1.19390158,8.66E-08,up
SLC2A4RG,1.193748399,3.72E-07,up
DAP3,1.193691608,1.32E-12,up
VASH2,1.193514748,0.047737454,up
LOC202181,1.193126699,0.000476291,up
PCGF1,1.192823972,4.42E-14,up
MMADHC,1.192598252,4.68E-15,up
,-1.192534434,0.008004353,down
CABYR,1.192472566,0.01933853,up
ATG4A,1.192426,1.65E-07,up
TCERG1,1.192145839,2.14E-18,up
ASCL2,1.192083769,0.007925108,up
THYN1,-1.191549741,2.81E-08,down
RIPK4,-1.191361203,0.000308219,down
QSER1,1.191311168,2.74E-07,up
,1.191237455,9.70E-07,up
USPL1,1.191057531,1.14E-06,up
NLGN2,-1.190773986,2.54E-10,down
C3AR1,1.190352287,1.32E-05,up
RAB20,1.190330986,0.000101331,up
LOC729680,1.190005804,0.024285301,up
LTBP2,-1.189966594,0.000579399,down
RBBP6,1.189937252,0.001405859,up
P2RX5,1.189901685,4.86E-09,up
IER3IP1,1.189675706,1.22E-11,up
MINOS1,-1.189525049,2.06E-07,down
POLB,1.18908051,1.10E-05,up
PSMB2,1.188882685,8.72E-07,up
SPCS3,1.188782126,0.000294153,up
SRC,1.188573287,5.82E-05,up
ABCC1,1.188485203,4.94E-07,up
,1.188480434,8.32E-07,up
KIF13B,-1.188212874,0.005313859,down
E2F6,1.18816772,3.82E-08,up
,-1.188039014,6.24E-08,down
ATXN7L1,-1.18792435,1.36E-05,down
AX747826,1.187130559,0.002174251,up
FEM1C,1.186887748,1.40E-05,up
ZNF133,-1.186651105,1.55E-09,down
KLHL6,1.18634451,0.005490024,up
MOXD1,1.186000497,0.024728276,up
,-1.185897531,6.71E-18,down
ISG20,1.185371811,0.020786777,up
,-1.185184112,1.02E-07,down
PLA2G4C,-1.18500014,0.002136754,down
DNAJB11,1.184846545,1.61E-10,up
PPP1R3D,1.184621783,3.00E-06,up
LPP,1.184294042,0.001311356,up
TACC1,-1.184132986,7.04E-05,down
ZNF273,1.183706636,1.55E-08,up
PRR5,-1.183648748,0.000159813,down
ACP5,1.183366119,0.008801201,up
ZNF445,-1.183159189,5.19E-30,down
KIAA1429,1.183097399,1.72E-05,up
OLFML1,-1.182780993,0.005970888,down
SLC25A40,1.182754692,1.33E-11,up
ZDHHC21,1.182633427,0.001615421,up
CD37,1.181937517,0.003496159,up
,-1.181835755,3.25E-10,down
NRIP2,-1.18178972,2.12E-33,down
NR1H3,-1.181780028,0.000344281,down
PLEKHG4,-1.181778126,0.000509361,down
MPZL2,-1.181619545,0.011931744,down
RP1-142L7.8,-1.181462692,1.68E-05,down
MAPK11,-1.181159573,3.30E-12,down
SSBP2,-1.181149958,6.49E-10,down
DPYSL3,1.181126664,0.004599443,up
GTF2H2B,1.181032357,0.004318294,up
HLA-C,1.180926231,3.91E-05,up
FAM222B,1.180689,5.39E-05,up
LMO7,1.180577042,0.001238717,up
MCTS1,1.180430189,1.78E-09,up
TRIM16,1.180372259,0.006005057,up
RGPD3,1.180357741,1.12E-05,up
PLCD3,-1.180233014,6.15E-15,down
GEMIN4,-1.180184944,3.17E-05,down
TCEB3,1.179600958,2.53E-08,up
ASAP1-IT1,1.179536336,8.32E-06,up
TMEM208,1.179362741,2.91E-10,up
CC2D2A,-1.179292776,5.26E-06,down
NDUFAF4,-1.178931329,1.53E-05,down
IWS1,1.178855951,1.68E-11,up
AGGF1,1.17867451,2.40E-07,up
IKBIP,1.178435818,3.23E-05,up
CNOT7,1.178242867,0.001075596,up
TMEM71,-1.178235552,0.006700547,down
ADK,1.178011028,6.96E-07,up
TBX3,-1.177735497,0.005724674,down
,-1.17773258,3.55E-05,down
,1.177567762,1.61E-06,up
WHAMMP2,-1.176662804,1.30E-11,down
,1.176619308,0.000349089,up
PIK3C3,-1.176580147,1.62E-05,down
RAD51C,1.176450874,5.27E-05,up
IFI16,1.17643449,0.002450111,up
CEP63,1.176308308,1.10E-06,up
BCAS4,1.176287979,0.019815605,up
WASL,1.176264196,0.000172716,up
RPUSD3,1.176241105,0.000563813,up
GTF3C4,1.176185462,1.26E-05,up
STRAP,1.176133427,5.25E-09,up
TRAF4,1.176095909,0.010439865,up
RBPMS,-1.176077608,0.004258342,down
TUBA1C,1.175906643,4.78E-17,up
SMG6,-1.175292056,1.33E-12,down
LUZP1,-1.175274678,2.18E-12,down
,-1.175051748,4.49E-29,down
ULBP2,1.174952021,0.048071055,up
OAF,-1.174921161,6.56E-08,down
C2orf69,1.174372147,2.42E-12,up
NRP2,1.174356378,0.005308355,up
,-1.174342147,4.28E-21,down
HSBP1,1.174183448,2.56E-10,up
ZNF205,-1.174010154,9.56E-17,down
SMG9,1.173988559,3.94E-08,up
PDE12,1.173593685,1.34E-07,up
PDCD5,1.173054566,1.01E-06,up
VKORC1,1.172763021,1.08E-15,up
C2orf27A,-1.172633469,4.69E-06,down
TRIM2,-1.17240258,0.025952649,down
PRPF39,1.172298818,4.42E-11,up
LIN7C,1.17207479,9.90E-08,up
,-1.170982049,1.25E-06,down
RAD17,1.170750126,7.26E-08,up
,-1.170693119,3.99E-11,down
DYNC1LI2,1.17057028,2.78E-09,up
LINC00997,-1.170323888,9.11E-09,down
IQCK,1.170062986,7.64E-05,up
CAPZA2,1.169952098,9.69E-16,up
MYBBP1A,-1.169890566,2.67E-12,down
RALGAPA1,1.16986493,1.08E-07,up
TMEM54,1.169860357,2.89E-05,up
NIP7,1.169594217,1.56E-05,up
ZSWIM7,-1.169369839,0.000117608,down
,1.169365923,3.90E-07,up
NPM1,1.169262168,4.41E-10,up
TNFRSF1B,-1.169112902,0.000858067,down
MED24,1.169061643,0.046230749,up
NADK,1.169015531,4.18E-05,up
LOC101929855,-1.168690874,0.006539014,down
SCAF4,1.168615692,2.77E-09,up
MIR4800,-1.168589357,9.62E-08,down
OXSM,1.168344909,2.18E-07,up
PAXBP1,1.168285133,4.67E-09,up
C7orf50,1.168188951,5.07E-07,up
CHD7,1.167814559,0.001469418,up
OCIAD2,1.167636105,2.97E-05,up
SNRPG,1.167438951,8.74E-14,up
HNRNPH2,1.167396951,2.22E-09,up
TMOD1,-1.167137413,0.000161181,down
ACOT9,1.166851839,1.13E-06,up
OGFRL1,-1.166697322,0.00052519,down
,-1.166268769,0.01019193,down
ALDH6A1,-1.16613186,0.001231711,down
LALBA,-1.166107238,0.009577113,down
KAT2A,-1.166105601,5.73E-07,down
,-1.165849399,2.66E-14,down
DPM2,1.165725084,8.59E-11,up
SLC37A1,1.164785846,7.54E-05,up
MAP9,1.164471448,0.001924923,up
BEND3,1.164437552,0.000349241,up
CDK13,1.164228042,2.17E-07,up
GS1-111G14.1,-1.164034217,2.29E-12,down
OARD1,-1.164024084,3.97E-06,down
EXOSC1,1.163992007,3.35E-11,up
,-1.163948308,8.72E-06,down
OSTM1,1.163800972,1.12E-06,up
CDK11A,1.16374149,6.11E-10,up
ATP6V1H,1.163221986,0.000829526,up
,1.16317335,2.33E-06,up
FAM172A,-1.163004685,0.000178272,down
USP16,1.162771895,7.16E-11,up
FAHD1,1.162711503,1.10E-09,up
SERPINI1,-1.162636657,0.007547256,down
ACVR1,1.162182336,1.23E-06,up
,-1.162154252,0.005532221,down
MAP3K3,-1.161883622,4.85E-07,down
,1.161758371,9.83E-09,up
,-1.161748049,1.39E-23,down
CDC16,1.161702182,3.78E-08,up
CIB2,-1.161685629,0.001393212,down
WBP1L,-1.161341385,1.11E-05,down
PIGU,1.161132392,3.94E-06,up
GTPBP10,1.160980664,2.00E-08,up
CENPBD1,1.160740636,0.002857956,up
SNORA5B,1.16072307,2.02E-05,up
,-1.160627091,7.15E-07,down
TMOD2,-1.160573266,0.000124465,down
,-1.160473203,5.88E-10,down
MRPS16,1.160263462,6.77E-09,up
SH3D19,-1.160166154,0.000688531,down
GTF3C6,1.160042028,2.79E-09,up
CSNK1G2,1.15997735,1.46E-08,up
HNRNPK,1.159921818,1.32E-30,up
PDZD2,-1.159463727,0.02608309,down
PDZD4,-1.159350594,5.05E-13,down
ERI3,1.159284315,3.45E-07,up
LOC692247,1.158836126,0.044065752,up
UQCR10,1.158821189,5.80E-12,up
C3orf52,1.15874593,0.007950757,up
ASMTL,-1.15848449,2.84E-06,down
,1.158478958,0.005750343,up
F8A1,1.158295874,1.89E-06,up
DRAP1,1.157931888,6.90E-13,up
LYRM7,-1.157810916,3.06E-12,down
ZNF785,1.157597147,8.42E-08,up
ANG,-1.157546923,0.002372486,down
RBM28,1.157497615,5.26E-07,up
ANKRD53,-1.157452776,9.13E-34,down
EPM2AIP1,-1.157433727,2.62E-10,down
FAM73A,1.157177245,3.77E-05,up
NID1,1.157087867,0.001842621,up
FARSB,1.156899825,0.000112106,up
PLBD2,-1.156407972,1.64E-10,down
USP24,1.155793797,8.57E-08,up
CABP4,-1.155712552,1.83E-19,down
ITK,1.155187503,0.022888888,up
TJP3,1.15516972,0.001823319,up
,1.154969427,0.000562324,up
SNHG17,1.154846587,7.96E-06,up
RALGPS1,1.154807699,0.010653542,up
S100A4,-1.154741357,0.00071517,down
,1.154436231,0.002701227,up
DCAKD,-1.154193021,9.30E-34,down
PTGES3,1.154039371,3.26E-16,up
,1.15398665,0.029563532,up
TGFBR2,-1.153965902,0.000123752,down
LOC730101,1.153890147,0.013643426,up
,-1.153645126,2.00E-05,down
C1QB,1.153163007,0.009438448,up
RAD54L2,-1.15294651,2.66E-09,down
EOGT,-1.152855706,2.98E-05,down
FTL,1.152793287,1.28E-11,up
,-1.15263714,3.51E-10,down
LOC283588,-1.152610741,0.000269403,down
ADSL,1.15254779,7.07E-08,up
KIFAP3,1.152280895,6.03E-10,up
SAPCD2,1.152262874,0.001939181,up
ZNF678,1.151753692,0.003533757,up
CEBPA,-1.151028049,0.001106998,down
,1.150781014,3.24E-10,up
HLA-DOB,1.150052007,0.031527375,up
RHBDF2,1.150046,0.000174811,up
LOC100289230,-1.150032874,1.58E-05,down
LOC101930324,1.14989893,1.58E-08,up
EMC3,-1.149892951,0.000387454,down
AP006222.2,-1.149617105,4.33E-07,down
POLQ,1.149589608,0.003183631,up
MEIS1,-1.149581469,0.006697773,down
ADAM28,1.149380406,0.006901934,up
,-1.149296818,0.000445375,down
GARS,1.149268343,2.14E-07,up
,1.149210517,0.010199267,up
CENPI,1.14917651,0.001907729,up
TPPP,-1.148507741,0.002196265,down
GOPC,1.148352154,9.58E-08,up
ZNF26,1.147967336,1.78E-06,up
ATL2,1.147807825,0.008267611,up
GRHL2,1.147781559,7.63E-06,up
SOCS4,1.147774699,2.42E-11,up
REXO2,1.147728042,4.90E-06,up
,-1.147622259,1.71E-33,down
PARM1,-1.147506252,0.028000717,down
FKBP7,1.147406161,0.000364419,up
ISLR,-1.147080678,0.018739005,down
CLUH,-1.146901503,5.62E-09,down
DTX3L,1.146851238,6.38E-07,up
CMTM3,1.146761448,0.000231181,up
,1.146163203,8.33E-11,up
GALC,1.145503399,7.00E-05,up
RP5-930J4.4,-1.145189287,8.14E-09,down
CLDN19,-1.145179077,2.65E-34,down
CLASP2,1.144960224,1.03E-06,up
,-1.144940832,2.56E-05,down
NIPAL3,-1.14469272,1.50E-05,down
TNS3,1.14463665,2.01E-05,up
4-Sep,-1.144349538,7.16E-05,down
TLR8,1.144303399,0.019626875,up
TCTEX1D2,1.144229357,0.000264722,up
GLYR1,1.144105007,1.52E-12,up
CITED4,-1.14401007,0.020498785,down
,1.14383135,0.028865949,up
SART3,1.143707413,3.13E-08,up
CFL2,-1.14367414,2.85E-05,down
ANGPTL2,-1.143657077,0.007710323,down
HOXA10,-1.143645965,3.86E-08,down
KCNT2,-1.143432357,0.000528739,down
FAF2,1.142687601,2.57E-06,up
,-1.142287699,0.002167346,down
ISOC1,1.142209322,0.000554463,up
ZNF625,-1.141975245,0.000291276,down
NASP,-1.14176751,0.000524959,down
MRPS35,1.141744734,4.73E-07,up
UBR3,1.141462175,3.37E-10,up
DHPS,1.141285629,2.63E-08,up
BTBD10,1.141266392,3.74E-11,up
,1.141054615,0.00093425,up
AASS,-1.140877734,9.80E-18,down
FBXO3,1.140792825,3.73E-08,up
PAPPA,-1.14056365,2.37E-18,down
PELP1,-1.140453937,2.01E-10,down
SLC25A29,-1.140181364,0.000102324,down
TCAIM,1.139928112,0.001798276,up
TMEM163,-1.139704734,0.000713711,down
KDM4B,1.139654734,0.001741634,up
IQSEC1,-1.139018643,3.13E-06,down
ABI2,1.13883465,4.64E-07,up
UTRN,-1.138414797,2.76E-05,down
HEBP2,-1.138378909,4.79E-15,down
,1.138030357,1.37E-05,up
,1.138023315,0.000640961,up
,1.138006678,0.00042877,up
UBE2R2,1.137878832,4.00E-12,up
,1.137679084,0.008997826,up
WAC-AS1,1.137668545,2.98E-15,up
PML,-1.137662084,3.54E-05,down
PAF1,-1.137490056,3.89E-09,down
ITGAM,1.137355329,0.002571336,up
ADAT1,1.137091601,9.66E-07,up
ATIC,1.136614168,1.57E-10,up
CDC40,1.136468846,0.000146719,up
,-1.136068818,1.95E-23,down
ZNF292,1.136067056,2.43E-07,up
DIABLO,1.136045678,1.72E-14,up
METRN,1.135997965,0.02401479,up
FHDC1,1.135947937,0.000589284,up
SLC2A14,1.135795,0.001030997,up
AKAP11,1.135705266,1.94E-06,up
ATP13A5,-1.135681154,0.007202396,down
,-1.135618329,5.16E-20,down
HNRNPA0,-1.13560758,1.46E-05,down
DNAAF2,1.13553251,9.13E-10,up
CSDE1,-1.135254832,6.57E-13,down
CAMTA2,-1.135080909,4.18E-10,down
GOLPH3,1.13500065,1.46E-13,up
MSRB1,1.134953224,1.82E-05,up
C1QTNF3,1.134926979,0.010399376,up
RAB40B,-1.134535196,1.86E-10,down
PPP2R3C,1.134471741,5.00E-10,up
RFK,1.134435196,1.49E-09,up
CBL,1.134237448,4.76E-08,up
WWP2,-1.133997993,1.04E-05,down
,-1.133516769,2.84E-10,down
LRRC6,1.133383734,0.034487921,up
TMEM69,1.133245986,2.26E-10,up
HK2,-1.133142385,3.94E-09,down
TCEAL2,-1.132925497,0.001545339,down
BLOC1S3,1.132880888,5.45E-06,up
UPF2,1.132757231,8.24E-08,up
TMEM60,1.132491545,1.36E-11,up
PIGB,1.132433273,6.94E-08,up
CD3EAP,-1.132419867,1.06E-08,down
RALGPS2,1.132369364,0.029009532,up
PIGN,1.132133867,0.001233375,up
SYK,1.131939923,0.000543637,up
TM2D2,1.131508895,1.83E-05,up
TAF1B,1.131171888,1.18E-06,up
TMX4,-1.130806846,4.52E-05,down
ANKRD32,1.130671657,8.96E-06,up
DOCK7,1.130647175,2.28E-05,up
,1.130545448,2.30E-09,up
BZRAP1,-1.130521413,0.001335324,down
DPP7,1.130328448,0.001294202,up
SLC39A1,1.130184035,8.42E-10,up
CADM1,1.129885685,0.005558382,up
CYP2J2,1.129487434,0.032680197,up
SEMA4D,1.129310091,0.000151638,up
ARL10,-1.129229573,0.000537964,down
GCNT1,1.12914979,0.012731842,up
PTPN1,1.12898128,1.27E-06,up
AKR7A3,1.128911483,0.011022924,up
SUSD4,1.128553303,0.041095454,up
ETS2,1.128476601,0.00031452,up
C11orf30,1.12839779,7.24E-08,up
SUN2,-1.128373601,2.01E-11,down
ZW10,1.128369692,2.72E-07,up
ATXN1,1.128279727,0.004198045,up
,-1.128176315,2.25E-07,down
,1.128167916,3.68E-05,up
GRASP,-1.128015224,8.78E-14,down
HEATR3,1.127812476,1.75E-09,up
IFITM1,1.127759469,0.002986053,up
CCNL2,-1.127642196,6.08E-11,down
CLN8,1.127551916,0.001399182,up
ATP1B3,1.127237462,1.66E-06,up
RPS6KA1,1.126815629,0.000540473,up
PTPRG,-1.126731951,0.001664828,down
,1.126552364,2.42E-07,up
ACP2,1.12654272,1.09E-07,up
RBMXL1,1.126514748,4.26E-08,up
USP39,1.126496133,1.52E-10,up
,-1.12649435,0.000875872,down
OSBPL1A,-1.126247545,2.69E-05,down
,-1.126140839,1.13E-11,down
,1.125736986,5.21E-07,up
GGT1,-1.125722657,5.95E-22,down
NFKBIE,1.12549028,8.70E-05,up
LZTFL1,1.125373594,0.000367564,up
ACTR1A,1.125355517,2.59E-09,up
HSDL2,-1.125252734,9.69E-06,down
IGF1R,1.125013434,0.042745391,up
,-1.124678259,4.01E-16,down
PSMD6-AS2,-1.12452193,5.56E-11,down
DNMBP,-1.124474797,0.004970712,down
PFN1,1.123994336,7.72E-15,up
NOD2,1.123984056,0.00283343,up
BYSL,1.123864035,1.40E-05,up
,-1.123860399,0.018445773,down
C8orf58,-1.123588622,0.00025745,down
TTC5,1.123440615,3.82E-06,up
,-1.123243706,1.57E-15,down
DGCR8,-1.123240455,8.53E-10,down
,-1.122885783,7.21E-17,down
,-1.122678972,5.43E-28,down
TXNDC17,1.12258465,4.93E-09,up
HNRNPL,1.122520364,2.93E-07,up
,-1.122340014,3.21E-06,down
TBC1D22A,-1.122257252,4.07E-08,down
ADAMTS12,1.122253713,0.008844688,up
MYO9A,-1.122206993,3.43E-06,down
POR,1.121932392,5.69E-06,up
,-1.12167028,4.03E-12,down
HLA-E,-1.121323091,3.00E-06,down
FAM49A,-1.121296657,3.95E-15,down
CLK4,-1.120780203,6.53E-05,down
WDR13,-1.120718552,7.21E-09,down
TARS,1.120410343,7.11E-08,up
HDAC8,1.120340308,1.28E-10,up
GALNT18,1.120161147,0.002228949,up
GRAPL,-1.119916231,4.41E-09,down
ACSL5,-1.119857483,0.01551121,down
SUCLG2,1.119762007,2.11E-07,up
NOL11,1.119708273,1.80E-07,up
OTUD5,1.119675993,3.58E-10,up
CLPX,1.118959503,3.69E-09,up
GTF2H4,1.118923734,2.65E-06,up
LINC00969,-1.11886507,0.000128709,down
SEC11A,1.118388741,5.63E-10,up
,-1.117356846,0.007456783,down
FLOT1,1.117109119,1.21E-07,up
GALT,-1.117108161,9.32E-06,down
,1.117037196,0.000237686,up
UROD,-1.116996762,1.01E-11,down
NFS1,1.116955587,2.33E-05,up
MOV10,1.116683315,4.27E-08,up
,1.116615168,0.000120562,up
SIKE1,1.116466168,6.54E-07,up
LOC101060521,1.116316748,1.18E-09,up
LOC145783,-1.116233734,7.63E-09,down
SLC9A7,1.115852196,0.00667506,up
AK6,1.115838462,8.42E-08,up
SLC7A6,1.115350608,4.84E-06,up
HIST3H2A,1.115237168,0.033389071,up
JMJD4,1.115183699,0.001499493,up
R3HDM1,1.114707294,7.08E-09,up
SVIL,1.114667385,0.00040283,up
IQCE,1.114625825,0.000467973,up
HSPG2,-1.114369091,7.11E-06,down
COQ2,1.114017238,6.60E-06,up
TUBB3,1.113962608,7.76E-09,up
PIBF1,1.113906587,1.98E-05,up
VBP1,1.113906503,2.01E-08,up
GNA11,1.113891678,7.89E-09,up
NSF,-1.113639182,0.002136153,down
HPS1,-1.113231,9.55E-15,down
BCL2L13,1.113106972,0.000177661,up
TAPBP,1.113033951,9.89E-05,up
DDX18,1.11279293,1.21E-08,up
PPP1R3B,1.11273679,0.014178126,up
EIF4EBP2,-1.112640993,3.81E-08,down
ZBTB47,-1.112638825,3.36E-20,down
DUSP22,-1.112579329,1.70E-07,down
BDH2,-1.112360762,9.51E-06,down
CMC1,1.112084392,9.61E-09,up
NLRC3,1.111771497,0.025913206,up
COG3,1.111752706,3.48E-06,up
,-1.111671804,7.81E-07,down
TBX5,-1.111641,0.00017364,down
FTO,-1.111516252,1.47E-07,down
NSMCE4A,1.111059636,0.000113296,up
FAM86B1,1.111008846,0.00270713,up
TSPAN13,1.110973916,0.000382231,up
RPL35A,-1.110953028,0.00027911,down
TMEM39A,1.11093007,3.94E-08,up
NAAA,-1.110827755,3.29E-20,down
LMO4,1.110788448,0.007608202,up
CDKAL1,1.110592462,0.011477209,up
YLPM1,1.110572413,1.18E-11,up
PPP1R8,1.110456748,2.64E-12,up
SCARB1,-1.109736,9.57E-16,down
TAF13,1.108746294,2.21E-09,up
ATG2A,-1.108676084,1.70E-12,down
MROH1,1.108419874,0.000506837,up
COL6A3,1.108236021,0.003250104,up
ZDHHC5,1.108170448,1.97E-12,up
PCGF2,1.107955168,0.025633132,up
CAMSAP2,1.107734874,6.76E-08,up
NAT6,-1.107588336,8.95E-12,down
,-1.10710221,6.78E-09,down
RNF40,1.106973469,5.17E-09,up
MKRN1,1.10681549,3.72E-08,up
EXOSC5,1.106809112,3.71E-06,up
TRIM8,-1.106641874,8.98E-07,down
JKAMP,1.106628189,1.79E-08,up
CKMT2-AS1,-1.106621217,2.99E-06,down
SS18L2,1.106329133,1.72E-11,up
CELSR3,1.106250119,0.02002253,up
GOLGA5,1.106220853,2.32E-09,up
AK055981,-1.105673734,0.000527086,down
RPS9,-1.105447483,9.80E-19,down
RP11-349E4.1,-1.105318119,1.89E-25,down
SMIM8,1.105280385,6.16E-06,up
C17orf75,1.105033217,8.51E-05,up
,-1.104885888,2.95E-15,down
HEMK1,-1.104587,3.15E-05,down
,-1.104581832,1.06E-05,down
ADCK2,1.104473406,1.34E-05,up
MMP24-AS1,-1.104428692,6.81E-05,down
NLRX1,-1.104220042,3.14E-09,down
ALDH1B1,-1.104161049,5.00E-14,down
WDR52,1.103883902,0.009833136,up
SUPT7L,1.103454811,2.01E-11,up
,1.103163734,1.34E-12,up
,-1.10295879,0.003115395,down
HIVEP3,-1.102889371,0.005740201,down
RNF8,1.102876636,3.13E-05,up
OTUD6B,1.102875664,1.02E-06,up
FKBP1B,-1.102779685,0.016433595,down
FLJ10038,-1.102556217,3.38E-11,down
ZC3H8,1.102442371,8.40E-07,up
TRIM26,1.102302427,5.05E-09,up
TMEM72,-1.102206189,1.33E-29,down
,-1.102150853,2.04E-06,down
RNF149,1.101456462,1.38E-12,up
PPP1R7,1.101377084,4.45E-09,up
,-1.101102441,4.30E-11,down
FZD3,-1.100665056,0.000138737,down
,1.100386189,1.32E-07,up
RORC,-1.100250336,0.01905644,down
LOC101927204,1.099905734,0.005679428,up
SLC4A7,-1.099579678,3.78E-05,down
ENG,-1.099469783,6.16E-06,down
CRYZ,1.09928393,0.000217387,up
NFE2L2,1.099243811,5.67E-10,up
GTPBP3,-1.099201664,1.13E-16,down
LOC101928143,1.098998531,9.85E-11,up
RPL7AL2,-1.098870182,1.53E-15,down
SLC25A5,1.098684965,1.56E-07,up
ZNF22,1.098682818,0.000739219,up
ZNF337,-1.098356063,4.50E-08,down
CDT1,1.098042839,0.022090733,up
MTL5,1.097817713,0.017411522,up
ACTB,1.097813357,4.57E-21,up
ATP5SL,-1.097712315,4.61E-23,down
COG7,1.097594287,7.47E-08,up
TSPAN4,-1.097285399,2.32E-06,down
NELFCD,1.09703749,7.38E-09,up
WDR27,-1.096835091,1.60E-09,down
,-1.096773294,4.55E-09,down
CNTN4,-1.096761552,0.011211646,down
UPF3B,1.096721636,6.17E-05,up
IDH1,1.096668692,1.99E-05,up
SUCO,1.096565189,8.54E-09,up
PLEKHA6,-1.09650242,0.021283503,down
PPAP2B,-1.096353014,8.02E-06,down
FLNB,1.096226965,0.000252347,up
NYNRIN,-1.09621607,0.001190107,down
SDE2,1.09574479,8.80E-12,up
LOC100507547,-1.095676252,3.11E-13,down
,1.095649035,0.000516635,up
CYP17A1,-1.095274189,3.03E-32,down
STRN3,1.095220175,6.99E-07,up
,-1.095019888,0.007594104,down
NOD1,-1.09496635,7.77E-08,down
SLC25A23,-1.094767608,1.35E-05,down
NANOG,-1.094625315,3.69E-07,down
TPP2,1.094577259,1.28E-06,up
,1.094283448,0.007270526,up
METTL4,1.093998643,2.20E-05,up
DUSP6,1.09387714,0.033760092,up
KRT18,1.093771853,0.00833197,up
TFPI2,-1.093368196,0.024172765,down
,-1.093098734,1.02E-13,down
CREB3,1.093003909,3.96E-08,up
CTBS,1.092836615,2.17E-07,up
SKAP2,1.092756699,0.003757454,up
SPRY4,1.092704259,0.009188957,up
MIIP,1.092676203,1.57E-05,up
FLYWCH1,-1.092563154,4.29E-10,down
PARP4,1.092522895,1.36E-05,up
PEMT,-1.092426007,4.31E-06,down
CDK5RAP2,-1.091915336,0.000176204,down
APEH,1.09171486,2.78E-06,up
NPTN,1.091521049,1.78E-09,up
BCAT2,1.091359713,2.83E-05,up
PCAT6,1.091234119,0.000711294,up
C1orf53,1.091178552,0.016010969,up
,1.090972154,5.71E-09,up
DLGAP4,1.090506252,2.18E-05,up
,-1.090425699,1.40E-17,down
NXT2,1.090387979,0.027621666,up
TNKS,-1.090344692,0.000232516,down
SND1-IT1,1.090339965,1.48E-07,up
ALG14,1.089940888,1.06E-05,up
HECA,-1.089839734,7.40E-07,down
RP11-395B7.7,-1.08962186,1.01E-06,down
MZT1,1.089423182,3.20E-06,up
RRP36,1.089272028,7.26E-08,up
MRPL36,1.089063951,2.88E-07,up
,1.089035629,8.60E-06,up
UVSSA,1.088882643,0.001341192,up
SIAH1,1.088534608,4.58E-10,up
GTF2A2,1.088483084,6.29E-12,up
METTL18,1.088355503,2.27E-05,up
METTL6,1.088254979,1.04E-06,up
SPPL2B,-1.088038252,6.79E-12,down
IGLV1-44,1.087841287,0.030597696,up
CNEP1R1,1.087759776,3.51E-11,up
ERMAP,-1.087673853,7.54E-08,down
FLJ35934,1.087435923,1.64E-05,up
KLF3,1.087379469,6.94E-05,up
SMDT1,-1.087313734,8.55E-09,down
ZMIZ1,1.087294727,7.65E-07,up
IL18,1.087232685,0.003373562,up
,-1.087231175,1.19E-08,down
RAB3IL1,-1.08717949,5.99E-21,down
,-1.087080643,9.21E-06,down
C22orf29,-1.087063566,0.000204591,down
CCNYL1,1.086858112,6.83E-05,up
TP73-AS1,-1.086797112,0.000297262,down
ATAD2B,1.086761385,1.88E-07,up
LYNX1,-1.086758748,0.005066981,down
ITPK1,-1.08665493,1.06E-05,down
ARRDC1,1.086499189,0.000734704,up
HOOK2,-1.085937406,2.47E-07,down
RAB8B,1.085814203,0.003523297,up
FADS2,1.085722294,0.03813371,up
PHKB,-1.085570175,0.000158334,down
CRIPT,1.085278888,7.59E-06,up
ECHDC1,-1.084666552,0.00551675,down
SBF1,1.08466193,3.50E-06,up
SNHG12,1.084501839,1.21E-05,up
SERP2,-1.084466741,1.47E-35,down
ZNF786,1.084283049,2.47E-07,up
MAML1,1.084181503,1.89E-07,up
ARL6IP6,1.084179818,3.34E-10,up
CTB-12A17.3,-1.084179364,4.70E-12,down
,-1.084115399,0.008167102,down
RBBP7,1.084084825,9.76E-07,up
SRSF11,-1.084078993,9.76E-06,down
LINC00926,-1.083875497,1.46E-05,down
CDK2AP1,1.083775503,4.20E-06,up
MAPKAPK3,1.08374772,5.32E-07,up
,-1.083645811,0.000769987,down
,-1.083515573,0.004714972,down
PLEKHM1,-1.083016545,7.63E-13,down
RABEPK,1.08264728,4.62E-08,up
TECPR2,-1.082578818,3.86E-25,down
ZNF184,1.082539,9.20E-09,up
MEGF10,-1.082504014,0.04665371,down
FADD,1.082460979,5.55E-05,up
FICD,1.082387951,9.01E-05,up
,1.082341748,1.08E-05,up
,-1.082324685,6.12E-08,down
LAMTOR2,1.082113811,8.53E-10,up
PRRG1,-1.082036524,0.003455845,down
CTC-338M12.4,1.081858427,1.37E-06,up
LINC00152,1.081692413,6.43E-06,up
UGGT1,1.081681224,1.25E-06,up
LOC286161,-1.081641287,7.78E-06,down
HIC1,-1.081637189,0.00038114,down
JUN,1.081591937,0.000864769,up
IL10RB,1.081327846,1.11E-09,up
PWAR6,-1.081323629,0.005165757,down
HUWE1,1.08110549,4.33E-11,up
PRKCB,1.080803385,0.019463588,up
LOC101926918,-1.08035549,2.70E-13,down
,-1.079948434,4.90E-08,down
HNRNPUL1,1.079515049,5.96E-10,up
HEATR2,1.079491601,3.31E-07,up
TRMT10C,1.079474364,3.46E-08,up
FAM185A,1.079455629,4.62E-05,up
GPR126,1.079253923,0.049800867,up
MSANTD3-TMEFF1,1.078926028,0.005228969,up
PPFIBP1,-1.078805196,2.48E-05,down
,1.078731587,0.000662744,up
PDK2,-1.078442846,6.42E-05,down
APEX2,1.078413566,1.93E-07,up
PRELID1,1.078252825,8.90E-05,up
SOX6,-1.078122014,0.026516263,down
ANXA5,1.078082308,1.68E-08,up
ADAM8,1.077883615,0.000141713,up
HEATR5A,1.077864238,9.61E-05,up
WDR6,-1.077684937,3.32E-07,down
TRIM11,1.077202147,6.55E-07,up
CTNNAL1,-1.077149559,0.008992575,down
C2orf68,-1.076979538,1.39E-08,down
VRK1,1.076860308,2.50E-05,up
IMP3,1.076731601,8.68E-09,up
MIR6778,-1.076327615,6.83E-08,down
ETFA,1.076263168,8.26E-05,up
AK057657,1.076150028,1.25E-06,up
EPHB6,-1.075975336,0.016993137,down
GLI2,-1.075947028,9.17E-09,down
TUBA3C,1.075668294,0.000576024,up
ZNF585A,1.075383399,0.000132958,up
PFKP,1.075137084,0.030122589,up
S100PBP,1.075008909,1.35E-06,up
HPS5,1.074982455,1.74E-07,up
IGF2BP2,-1.074489049,0.031260627,down
CDC25C,1.074364427,0.001100155,up
,-1.074352147,0.000190464,down
UBE2D4,-1.074272951,2.72E-06,down
E2F3,1.074235007,0.000484267,up
GINM1,1.073979951,3.56E-08,up
,1.073928846,0.009106141,up
CD209,-1.073802587,0.000142642,down
NR4A2,1.07373558,0.041476229,up
DUSP16,1.073377413,0.000585608,up
NIT1,1.073350063,1.18E-07,up
PRKAR2B,-1.073222825,0.041223826,down
TFDP2,-1.073151287,0.000190453,down
SLC15A1,-1.07308893,6.11E-37,down
GINS3,1.072389636,0.001383745,up
MIR631,-1.072283357,0.002445855,down
,-1.072029594,0.000203949,down
FAM110A,1.071871706,0.00019025,up
EPG5,1.071712503,4.68E-05,up
TOR1AIP2,1.071657601,2.68E-08,up
ZNF287,-1.071154175,3.83E-30,down
MTMR1,1.071098552,0.001932879,up
,-1.071018622,0.017491035,down
SEC24B,1.070733217,2.13E-11,up
OPTN,-1.070540643,0.000818281,down
ANXA2,1.070435245,6.43E-11,up
ZNF25,-1.070143727,5.43E-07,down
MRPL47,1.069904028,1.08E-07,up
,-1.069306818,0.000595979,down
PEX7,1.06922042,0.000240521,up
,-1.068999301,2.67E-10,down
ZNF326,1.068803266,3.08E-09,up
RP11-631N16.2,-1.068640168,3.91E-11,down
TOMM34,1.068611748,7.64E-07,up
CABLES1,-1.068550084,3.04E-09,down
,-1.068223902,2.53E-21,down
ZFP82,1.06822272,0.002704532,up
GIMAP6,-1.068148427,0.002187789,down
VWA9,1.067916413,8.42E-10,up
RPL39L,1.067589455,0.003285413,up
SNAPIN,1.067581748,1.71E-09,up
CHID1,-1.067520231,7.64E-05,down
,1.067093007,0.001587973,up
IKBKAP,1.066822238,6.43E-09,up
,-1.066668839,0.00189295,down
PPIE,1.066586762,8.69E-06,up
MYO10,1.066579063,0.00989621,up
,1.066554993,0.037552287,up
CYB561D2,1.066425685,2.45E-05,up
PRDX3,1.066359182,1.28E-07,up
ECE1,-1.066100776,3.05E-05,down
PCGF3,1.065656965,1.70E-05,up
INTS2,1.065620112,0.000310892,up
PAPLN,-1.065598706,0.021270391,down
GATM,1.064902566,0.023682686,up
,-1.064679098,0.009841902,down
,1.064666622,0.026086974,up
,1.064637259,0.000108911,up
POGZ,1.064551448,1.14E-09,up
APC,1.064150965,2.08E-09,up
THEM4,1.064074846,0.001140599,up
,1.064063392,0.000290911,up
PRPSAP2,1.063868503,5.87E-06,up
SNX20,1.063843804,0.00972498,up
GUF1,1.06366193,0.000318138,up
LY6E,1.063483622,0.017911848,up
TNAP,-1.063397469,5.48E-35,down
CD40,1.063239364,0.007284974,up
PHF7,-1.062950217,1.43E-15,down
PSMD8,1.062876664,3.36E-09,up
,1.062795315,3.67E-06,up
EXOSC4,1.062586734,2.80E-05,up
C11orf1,1.062507441,0.003092646,up
VARS,1.062295,0.000854884,up
,1.06204414,2.35E-09,up
EID2,1.061735,4.59E-07,up
LRRC40,1.061592049,3.41E-09,up
KBTBD8,-1.061475168,2.26E-07,down
MBD6,1.06131486,8.70E-05,up
SLC31A2,1.061233273,0.001076766,up
DCUN1D5,1.060997112,3.10E-05,up
SARNP,1.060894853,3.83E-09,up
GAREM,-1.060863392,0.002214471,down
NDUFB4,1.060858252,8.88E-14,up
OSBPL10,1.060561797,0.006435138,up
,-1.05972593,0.003061009,down
CECR1,1.059698699,0.026328839,up
PRX,-1.059398161,1.50E-18,down
CDC42EP2,-1.059276832,3.08E-10,down
ZNF107,1.058893895,8.18E-05,up
,-1.058646091,4.56E-25,down
KLF13,1.058586951,2.21E-05,up
LOC101930578,-1.058526427,4.02E-05,down
,-1.058469755,0.010704202,down
SLC26A6,1.058430853,3.20E-06,up
,-1.058202902,2.00E-07,down
SUPT20H,1.058172021,2.35E-07,up
STOM,1.058018301,0.00010023,up
PPP5D1,-1.057954133,1.04E-27,down
ZDHHC6,1.057536301,1.25E-10,up
SLC38A10,1.056955378,0.00144794,up
ATP5D,-1.056861175,1.84E-13,down
,-1.056666853,3.94E-22,down
,1.056623552,1.08E-05,up
MAGED1,1.056616524,4.88E-05,up
,1.056266434,0.0009082,up
ETV6,-1.056228783,0.005794428,down
WBSCR16,1.056163175,3.90E-10,up
VCP,1.056073902,1.64E-11,up
WFS1,-1.055988385,0.014599096,down
,-1.055746021,1.44E-09,down
MFSD3,1.055705839,0.001721072,up
DPP8,1.055489294,2.00E-07,up
KLC1,-1.055365937,1.92E-08,down
LRPPRC,1.055120664,5.59E-08,up
CNOT1,1.054716573,0.001501897,up
ZNF7,1.054437441,1.39E-05,up
ATG3,1.054411503,9.49E-11,up
PI4K2A,1.053998944,9.73E-08,up
ABL1,1.053601441,1.68E-07,up
RP3-406P24.1,1.053190692,9.25E-09,up
TSEN54,1.052754175,0.000111392,up
,1.052610182,0.000160208,up
CXCL16,1.052425077,0.013043593,up
EDF1,-1.052392231,8.47E-12,down
,-1.052310923,1.49E-27,down
NGRN,1.051936238,3.28E-07,up
CDKN2AIP,1.051911035,4.09E-07,up
RBM14-RBM4,1.05187428,8.20E-14,up
LMBR1L,-1.051764643,1.97E-09,down
TTC30B,1.051537308,0.000355216,up
,1.051455112,0.000316384,up
ERGIC3,1.051211839,2.55E-08,up
,-1.051211699,0.000566765,down
PHC3,1.05112693,7.61E-05,up
CCR7,1.051062748,0.028549539,up
LSM5,1.050715706,0.000171114,up
ZC3HAV1,1.050627462,1.76E-09,up
TCEA1,1.050612587,5.86E-08,up
KLHDC1,-1.050349476,0.007463062,down
THRA,-1.050332133,0.002426591,down
ENTPD1-AS1,-1.049946944,5.59E-30,down
,-1.049619825,0.000332974,down
LPIN1,-1.04905965,0.016205863,down
KLHDC3,1.049044902,5.54E-07,up
,1.048400077,0.014579821,up
,1.047923448,0.002557516,up
,1.047808441,0.032404022,up
ARHGAP5,-1.047677469,0.000231323,down
FAM133A,-1.04749221,0.006019531,down
C1GALT1C1,1.047013483,3.83E-08,up
DYNC1LI1,1.046817077,5.71E-06,up
RNPEPL1,-1.046787245,1.06E-18,down
KLHL20,1.046595154,7.58E-07,up
GM2A,1.046511224,0.001679195,up
,-1.046364643,0.000245097,down
TAF1C,-1.046356154,1.56E-07,down
HMGA1,1.04608642,0.001800425,up
MGST3,-1.045952846,2.10E-33,down
CTD-2553C6.1,-1.045839601,1.93E-28,down
GLS,1.045561497,0.022914723,up
CFDP1,1.045532831,0.023153927,up
KIAA0141,1.045506217,4.09E-06,up
PMS2P5,1.045374748,2.20E-06,up
ZNF563,-1.045256105,1.41E-06,down
,-1.045010517,0.000545116,down
FAM127B,1.044936699,5.19E-05,up
DDB2,-1.044908406,5.03E-05,down
CFI,1.044897364,0.038752877,up
PSMB5,1.04485179,2.53E-09,up
USP32,1.044607,0.000208246,up
,1.044600664,0.00047914,up
LAMTOR5,1.044555601,4.77E-13,up
,1.044451748,5.99E-08,up
TUBA1B,1.044415245,2.34E-14,up
VTI1B,1.044274329,0.000173023,up
KDM3B,1.044257559,5.66E-07,up
,1.044245573,0.012362446,up
GCLM,1.044139154,7.77E-05,up
STOML2,1.043983098,4.00E-06,up
AHSA1,1.043940832,6.34E-09,up
USP25,1.043871615,5.76E-05,up
TMCO4,-1.04371072,0.000429432,down
C1orf162,1.043697741,0.003186262,up
POLR3G,-1.043424587,6.88E-13,down
LOC102724229,-1.043341252,0.007024691,down
LOC100133920,-1.042993601,3.12E-19,down
TGFBR1,1.042542098,6.03E-06,up
,1.042280098,0.001789734,up
FTSJ2,1.042160413,7.06E-10,up
ECD,1.041718692,1.21E-10,up
HYPK,-1.041689741,0.000475044,down
LCAT,-1.04167707,6.13E-08,down
RNF44,1.041495594,5.04E-07,up
ABCD3,1.041066133,0.000199719,up
RGCC,-1.040778601,0.000514448,down
TMEM263,1.040655909,3.31E-07,up
GJA4,-1.040559252,5.18E-09,down
RAC3,1.040378825,0.001420013,up
MIR4746,-1.040269091,7.21E-09,down
TMEM55A,-1.039863937,3.44E-05,down
POTEKP,1.039840503,1.78E-17,up
COX15,1.039340273,0.000473108,up
ZNF826P,-1.039270671,3.22E-13,down
FANCL,1.03926814,1.13E-06,up
,1.038915203,4.62E-05,up
MORC2-AS1,1.038771091,0.000362737,up
RETSAT,-1.038720469,8.17E-05,down
IER3,1.038531455,0.004222284,up
DLST,1.038150825,7.94E-07,up
SPINT1,1.037934979,0.000118349,up
MAP4K2,1.037929524,1.15E-05,up
,1.037761497,0.000796101,up
SERPINB1,1.03775765,3.58E-06,up
PSMC6,1.037588881,8.87E-11,up
U2AF1,1.037559853,4.73E-06,up
SAP30L,-1.037478399,2.41E-05,down
DOK1,-1.037429455,1.76E-06,down
HERC4,1.037359559,4.33E-06,up
USP28,-1.037268119,2.84E-12,down
TSGA10,-1.037185783,2.20E-07,down
CHTOP,1.037029112,9.19E-10,up
LOC102724870,-1.036635112,1.09E-19,down
CAND2,-1.03573572,0.010331116,down
PYCARD,1.035677769,0.008152933,up
LOC101060691,1.035618636,0.001089645,up
SYNGR1,-1.035538112,2.10E-07,down
RP11-357G3.2,-1.035418098,2.01E-12,down
SAMD4B,1.035332517,1.37E-05,up
,1.035174413,0.000822551,up
7-Sep,-1.035111483,3.06E-06,down
NR1D1,-1.035033231,5.93E-06,down
ANKRD13D,1.034879839,2.39E-05,up
IDUA,-1.034660986,0.031758667,down
LONRF1,-1.034528678,0.001093297,down
CLDN4,1.034446916,0.000249802,up
B4GALT5,1.034381944,0.003344708,up
AUNIP,1.034369091,0.004000076,up
TOPORS,1.034348056,2.37E-09,up
DUSP1,1.034269909,0.021952156,up
OSBPL8,1.03423,1.83E-05,up
MYLK3,-1.034180238,1.53E-25,down
BC039681,-1.034138748,1.67E-21,down
VSIG2,-1.034046014,1.57E-09,down
SERPINE2,1.034014741,0.038221012,up
SYNJ2,1.034004874,0.002898067,up
LUM,1.033955916,0.040020163,up
RRP12,-1.033936112,3.81E-21,down
DAB1,1.033729741,8.76E-06,up
MINOS1P1,1.033507951,0.005434211,up
RNF41,1.033469294,3.82E-05,up
LRP12,1.033351378,0.015514923,up
ATP8B2,1.032739797,0.007791029,up
SOCS6,1.032712923,8.79E-06,up
STX1A,1.032671846,0.000482595,up
UBE3A,1.032496161,7.57E-08,up
PALB2,1.032444154,1.71E-09,up
P2RX7,1.032207958,0.019469325,up
SSSCA1,1.031655105,1.72E-07,up
FBXO11,-1.031631112,2.15E-10,down
PKP2,1.031531217,0.015707916,up
ZSCAN32,1.031482217,4.03E-05,up
ZDHHC14,-1.031216678,7.31E-05,down
,-1.031201503,5.12E-21,down
,-1.031190965,1.08E-09,down
KIAA0226,1.030934238,5.32E-07,up
FNBP4,1.030813755,0.000234716,up
SEC61G,1.030761881,8.97E-09,up
FLOT2,1.030718804,0.002294883,up
NRD1,1.030601951,5.57E-06,up
,-1.030391133,5.44E-20,down
KIAA0247,1.030276,9.39E-06,up
DUSP3,1.030262916,6.85E-06,up
TIMMDC1,1.030055846,1.55E-08,up
PPME1,1.02998049,7.75E-06,up
SNX9,1.029889916,7.85E-06,up
DOLK,1.029878783,1.57E-05,up
EXOC6,1.029612308,0.001314847,up
DAB2IP,-1.029404392,1.23E-07,down
RTN4IP1,1.029367161,0.012126677,up
WASH1,-1.029338084,3.97E-10,down
CC2D1A,-1.029270476,1.97E-07,down
LOC101929857,1.029146741,2.17E-07,up
,-1.028492098,8.00E-07,down
SLC2A1,1.028386601,0.003422929,up
KCTD12,-1.028217091,0.000216984,down
AHSA2,-1.027827755,0.000166252,down
USP30,1.027789622,6.93E-05,up
ZNF354A,1.027564308,1.39E-05,up
TGOLN2,1.02721072,1.41E-06,up
SLC25A14,1.027176636,2.05E-08,up
CAMSAP1,1.027021322,1.81E-07,up
MARVELD1,-1.026960245,2.65E-05,down
SH3BP4,1.026835825,0.004422954,up
PTPRO,1.026756573,2.46E-05,up
ZXDB,1.026583343,1.81E-08,up
ZNF529,-1.026393385,1.14E-05,down
HNRNPD,1.026055706,6.79E-10,up
RP5-1136G13.2,1.025923832,9.21E-05,up
RDH11,-1.025814427,2.80E-23,down
ANGPT2,1.025494042,0.003681784,up
CAPZA1,1.025491329,1.95E-15,up
CALCOCO2,-1.02536872,0.000152199,down
,1.025356776,5.65E-07,up
GPR180,-1.025243776,0.000110626,down
SETDB2,-1.024419315,2.06E-10,down
PSMB8-AS1,1.024394601,0.019424294,up
,-1.024361741,7.54E-07,down
LINC01410,-1.024293063,0.046079569,down
SNRPF,1.02427142,1.73E-07,up
CTTNBP2,-1.024259895,4.72E-07,down
HNRNPA3,1.024251392,4.65E-13,up
LANCL2,1.024163762,3.92E-05,up
FAM177A1,1.024139832,9.39E-08,up
CCDC88C,1.024016636,0.011935269,up
MXRA8,-1.023738755,0.022600791,down
,1.023528951,0.024349023,up
TUBGCP3,1.023515825,4.62E-06,up
LOC102724250,1.02349749,2.11E-06,up
CEPT1,1.023439462,2.68E-05,up
IST1,-1.023089014,4.37E-08,down
,-1.022994559,0.000331256,down
PDK1,1.022922937,0.006415684,up
,1.022919175,1.09E-06,up
PRDM11,-1.022739993,4.61E-09,down
,-1.022356769,2.95E-05,down
SPAG8,-1.022261294,9.70E-14,down
MEGF6,1.021688014,0.041635998,up
ASRGL1,1.021622301,0.045400872,up
SLC41A3,1.021549385,0.000138534,up
EFNB2,1.021520056,0.034822018,up
PRKCDBP,-1.021101727,0.000547977,down
,-1.021032182,0.000514867,down
RP4-710M16.1,-1.020325986,4.24E-11,down
CUL4A,1.02018707,7.70E-07,up
,-1.020136161,0.001328869,down
PHACTR2,1.020017909,6.06E-05,up
IDH3G,1.019961762,1.84E-07,up
CHSY3,1.019548469,0.01178331,up
RCC2,1.01941872,2.49E-10,up
AVL9,1.019367392,2.32E-07,up
RBM5,-1.019348189,2.15E-09,down
HS3ST1,1.019336573,0.007763181,up
,-1.018992538,9.28E-27,down
ANKRD44,1.018982175,0.00504699,up
,1.018778867,0.005198824,up
,1.018757021,0.000726309,up
TBX18,-1.01866958,4.59E-36,down
HADH,-1.018602622,2.18E-06,down
ZDHHC16,1.01805758,3.19E-07,up
RPL10,1.018034126,2.36E-06,up
SCAMP3,1.01794514,1.17E-08,up
SNX30,1.017858909,2.49E-06,up
CIT,1.017739399,0.000466781,up
NLRP1,-1.017450811,0.000164457,down
CDK3,-1.017135329,1.63E-05,down
SLC35A5,1.017072238,1.63E-07,up
PCK2,1.017022923,0.000452242,up
PARP8,1.016973944,0.019183462,up
CACNA1G,-1.016913755,3.94E-12,down
ABHD5,1.016772811,0.001582015,up
FAM195A,1.016629343,0.000285109,up
TNNI2,-1.016557825,0.000575667,down
NEK4,1.016551161,2.75E-08,up
,1.016498517,0.004783342,up
ICT1,1.01640049,0.000111698,up
CRNDE,1.016339455,0.000328278,up
,-1.016282685,0.015415122,down
SNHG16,1.016187056,0.000162035,up
CBLC,1.015990091,0.010767432,up
ERVH-6,-1.015961783,1.08E-07,down
TAGAP,1.015877972,0.023440971,up
FAM46A,-1.015591399,5.21E-05,down
S100A16,1.015578105,0.00608561,up
RAD18,1.015477937,2.43E-05,up
NUDT11,-1.015453881,0.000953827,down
LOC100505938,-1.015333175,0.00163049,down
ASUN,1.015291888,2.33E-05,up
ZNHIT3,1.015101252,6.17E-05,up
HAUS5,-1.014923825,7.94E-12,down
HLA-DRB1,1.014922175,0.000396554,up
TEFM,1.014851196,8.76E-07,up
TRMT13,1.014678755,0.000176877,up
UNC119B,-1.014597189,3.10E-07,down
VPS25,1.01445042,1.26E-07,up
TMEM86A,1.014367224,0.006630471,up
DEF8,1.014359098,0.003267548,up
TRAPPC2,1.014187238,1.26E-06,up
MED7,1.01417742,4.29E-07,up
GPR107,1.01409786,0.000422932,up
PLCD1,-1.014075706,6.43E-08,down
TARBP1,1.013903084,1.77E-05,up
,-1.013808147,1.98E-09,down
HLA-G,1.013549063,2.08E-05,up
ZNF587B,1.012969014,0.000977921,up
DMAP1,-1.012730825,4.02E-07,down
ZBTB40,-1.012693161,2.60E-08,down
,-1.012174769,0.000302961,down
PUS1,1.011531287,1.47E-05,up
SENP2,1.011513671,9.29E-05,up
RAMP3,-1.011393399,0.004447102,down
MPHOSPH6,1.011319902,0.002048998,up
EGR1,-1.01121214,0.008789015,down
,1.010926573,0.000848203,up
,1.010879937,6.08E-05,up
TTLL12,1.010484315,0.000703049,up
S1PR1,-1.010453231,1.37E-06,down
,1.010414692,1.25E-05,up
CLEC5A,1.01036586,0.029239905,up
SC5D,1.010353182,0.004405955,up
RABL2A,1.010097105,8.20E-06,up
PCED1A,-1.010075497,2.14E-05,down
GIGYF1,-1.009855713,2.44E-08,down
CBLL1,1.009844615,4.13E-10,up
MOB3C,-1.00967086,4.11E-07,down
DET1,-1.009606594,5.07E-10,down
AGAP3,-1.009560601,1.55E-09,down
TFE3,-1.009482769,4.25E-12,down
ZKSCAN1,1.009264434,1.11E-05,up
,-1.009208776,0.000544529,down
EIF5B,1.009187182,6.43E-10,up
TEK,-1.008984469,6.47E-06,down
PPP1R18,1.008746713,4.32E-05,up
OSER1,1.008619,9.03E-08,up
BMP2K,1.008357874,0.000418109,up
KTI12,1.008294294,1.01E-06,up
XCL1,1.008084634,0.046604513,up
HERC2P2,1.00797821,0.000169037,up
GSAP,1.007882196,0.000571025,up
RP11-803D5.4,1.007454559,0.000290489,up
ACTR5,1.00743179,3.33E-05,up
,1.007352238,0.043947881,up
PCBP2,1.007290399,2.88E-05,up
PDE4A,-1.007144671,0.002185106,down
DDX5,1.006871259,6.29E-09,up
,-1.006680441,8.02E-07,down
RLIM,1.006589685,9.85E-10,up
EI24,1.00657651,4.84E-05,up
PPP2R2A,-1.006325147,0.000163983,down
RPA2,1.006310161,9.05E-07,up
,-1.006238224,0.000879252,down
LEPROT,-1.006226965,4.41E-05,down
PTAFR,1.006119497,0.001493138,up
UBAP1L,-1.00610928,1.98E-19,down
LZTS1,-1.00607258,3.96E-07,down
LOC642852,1.005502524,0.000289513,up
DSCC1,1.00544086,0.011540426,up
,1.00542758,0.031424933,up
TBPL1,1.00535893,0.00019614,up
LOC100996792,-1.00510949,1.49E-06,down
UROS,1.005048874,1.31E-05,up
TMEM129,-1.004847916,6.61E-06,down
DNAJC4,1.004832224,0.000449711,up
KIF1B,-1.004610678,2.33E-05,down
WWOX,-1.004568252,0.021992937,down
MRPL32,1.004462007,3.13E-11,up
SPSB1,1.004317161,0.004623533,up
ST8SIA4,1.004027937,0.001633239,up
DDX52,1.003743014,0.007692817,up
CTBP2,1.00347049,2.03E-06,up
NHSL1,1.003445692,0.026636554,up
C1orf174,1.003356119,6.03E-05,up
TXN2,-1.00320379,9.71E-10,down
C14orf169,1.002999196,1.06E-06,up
AP2A1,1.002288364,8.68E-06,up
ZMYM4,1.002181469,4.36E-08,up
WEE1,1.002154434,0.004720468,up
VOPP1,1.002143559,1.05E-06,up
WASF3,-1.002137098,0.020717178,down
SEPHS2,1.001878196,9.12E-06,up
ORAI2,1.001840629,2.39E-08,up
MYEF2,1.001724986,0.002567988,up
METAP1D,-1.00129251,1.25E-05,down
KLHDC8B,-1.001268385,1.23E-06,down
EMC1,1.001094937,1.97E-05,up
SMURF1,1.001054825,2.95E-06,up
SYNJ1,1.000865615,2.33E-07,up
,-1.000791993,9.10E-39,down
MTBP,1.00031986,0.003291222,up
